cell_name,OP_STD,wk_planned_hc,schedule_factor
CONTROL-C2,CTLA,8,90
CONTROL-C2,CTLB,8,90
CONTROL-C2,CTLC,8,90
CONTROL-C2,CTLD,8,90
CONTROL-C2,CTLE,8,90
CONTROL-C2,CTLF,8,90
FCUST-C29,FC13,5,213
FCUST-C29,FC09,5,87
FCUST-C29,FC15,5,249
FCUST-C29,FC11,5,200
FCUST-C29,FC14,5,149
FCUST-C29,FC10,5,78
FCUST-C29,FC16,5,190
FCUST-C29,FC12,5,300
FCUST-C29,FC76,5,111
FCUST-C29,FC01,5,45
FCUST-C29,FC03,5,41
FCUST-C29,FC04,5,52
FCUST-C29,FC05,5,124
FCUST-C29,FC06,5,107
FCUST-C29,FC07,5,106
FCUST-C29,FC08,5,113
FCUST-C29,FC77,5,109
FCUST-C28,170A,4,50
FCUST-C28,170B,4,50
FCUST-C28,170C,4,58
FCUST-C28,170D,4,57
FCUST-C28,170E,4,70
FCUST-C28,170F,4,70
FCUST-C28,170G,4,74
FCUST-C28,170H,4,122
FCUST-C28,170P,4,49
SENSE-C9,479A,5,68
SENSE-C9,479B,5,68
DENALI-C39,NCDA,11,125
DENALI-C39,NCDB,11,131
DENALI-C39,NCDE,11,77
FG-C188,FGPB,4,58
FG-C188,FGPI,4,42
FG-C18,FGPA,4,68
FG-C18,FGPG,4,65
FG-C10,F62B,12,95
FG-C10,F62G,12,97
FG-C10,F62H,12,97
FG-C10,FGPC,12,95
FG-C10,FGPE,12,97
NEXIA-C3,F595,11,95
NEXIA-C3,F599,11,94
HIOC-C34,FGPM,2,27
HIOC-C34,H285,2,38
HIOC-C34,H58A,2,44
HIOC-C34,H58B,2,45
HIOC-C34,H59A,2,43
HIOC-C34,H59B,2,43
HIOC-C34,H60A,2,46
HIOC-C34,H60B,2,51
HIOC-C34,H92A,2,48
HIOC-C34,H92B,2,55
HIOC-C34,H93A,2,57
HIOC-C34,H93B,2,44
HIOC-C34,H94A,2,48
HIOC-C34,H94B,2,51
BSLCK-C13,B60A,9,100
BSLCK-C13,B60B,9,100
BSLCK-C13,B60C,9,106
BSLCK-C13,B60D,9,106
BSLCK-C13,B60E,9,100
BSLCK-C13,B60F,9,100
BSLCK-C13,B60G,9,100
BSLCK-C13,B60H,9,100
BSLCK-C13,B60I,9,100
BSLCK-C13,B60J,9,100
BSLCK-C13,B60R,9,100
BSLCK-C13,B80A,9,100
F51-C22,F51A,9,121
F51-C22,F51B,9,100
F51-C22,F51C,9,104
F51-C22,F51G,9,128
F51-C22,F51H,9,124
F51-C22,F51Q,9,100
F51-C22,F51U,9,111
F51-C22,F51X,9,111
F51-C22,F51Y,9,111
FB-C37,F50A,9,69
FB-C37,FB50,9,64
FB-C37,FB5C,9,88
SENSE-C9 ,CNTC,5,50
SENSE-C9 ,CNTA,5,50
SENSE-C9 ,CNTB,5,50
TOUCH-C12,695F,16,127
TOUCH-C12,F375,16,212
TOUCH-C12,F376,16,174
TOUCH-C12,F695,16,128
TOUCH-C12,TCH1,16,117
TOUCH-C12,TCH2,16,118
CONTROL-C2,CTLA,5,60
CONTROL-C2,CTLB,5,60
CONTROL-C2,CTLC,5,60
CONTROL-C2,CTLD,5,60
CONTROL-C2,CTLE,5,60
CONTROL-C2,CTLF,5,60
DENALI-C39,NCDA,14,157
DENALI-C39,NCDB,14,179
DENALI-C39,NCDE,14,105
F40-C26,F40E,8,89
BSLCK-C13,B60A,9,100
BSLCK-C13,B60B,9,100
BSLCK-C13,B60C,9,106
BSLCK-C13,B60D,9,106
BSLCK-C13,B60E,9,100
BSLCK-C13,B60F,9,100
BSLCK-C13,B60G,9,100
BSLCK-C13,B60H,9,100
BSLCK-C13,B60I,9,100
BSLCK-C13,B60J,9,100
BSLCK-C13,B60R,9,100
BSLCK-C13,B80A,9,100
CONTROL-C2,CTLA,8,90
CONTROL-C2,CTLB,8,90
CONTROL-C2,CTLC,8,90
CONTROL-C2,CTLD,8,90
CONTROL-C2,CTLE,8,90
CONTROL-C2,CTLF,8,90
DENALI-C39,NCDA,11,125
DENALI-C39,NCDB,11,131
DENALI-C39,NCDE,11,77
F40-C23,F40E,8,89
F40-C23,F40E,8,89
F40-C25,F402,9,89
F40-C25,F403,9,82
F40-C25,F404,9,82
F40-C25,F405,9,100
F40-C25,F406,9,82
F40-C25,F409,9,82
F40-C25,F430,9,87
F40-C25,F454,9,82
F40-C25,F455,9,82
F40-C26,F40E,8,89
F40-C26,F40E,8,89
F51-C22,F51A,9,121
F51-C22,F51B,9,100
F51-C22,F51C,9,104
F51-C22,F51G,9,128
F51-C22,F51H,9,124
F51-C22,F51Q,9,100
F51-C22,F51U,9,111
F51-C22,F51X,9,111
F51-C22,F51Y,9,111
FB-C21,FB15,13,129
FB-C37,F50A,9,69
FB-C37,FB50,9,64
FB-C37,FB5C,9,88
FCUST-C29,FC01,7,54
FCUST-C29,FC03,7,54
FCUST-C29,FC04,7,62
FCUST-C29,FC05,7,148
FCUST-C29,FC06,7,123
FCUST-C29,FC07,7,141
FCUST-C29,FC08,7,135
FCUST-C29,FC77,7,130
FG-C18,FGPA,4,69
FG-C18,FGPG,4,68
FG-C188,FGPB,4,61
FG-C188,FGPI,4,45
HIOC-C34,H285,3,69
HIOC-C34,H58A,3,77
HIOC-C34,H58B,3,79
HIOC-C34,H59A,3,69
HIOC-C34,H59B,3,69
HIOC-C34,H60A,3,69
HIOC-C34,H60B,3,76
HIOC-C34,H92A,3,73
HIOC-C34,H92B,3,84
HIOC-C34,H93A,3,78
HIOC-C34,H93B,3,61
HIOC-C34,H94A,3,70
HIOC-C34,H94B,3,75
FGRIP-C11,FGPJ,7,81
FGRIP-C11,FGPK,7,63
FGRIP-C11,FGPL,7,77
FGRIP-C11,FGPM,7,78
NEXIA-C3,F595,11,95
NEXIA-C3,F599,11,94
SENSE-C9,479A,5,68
SENSE-C9,479B,5,68
SENSE-C9,CNTC,5,50
SENSE-C9,CNTA,5,50
SENSE-C9,CNTB,5,50
FCUST-C28,FC09,2,28
FCUST-C28,FC10,2,31
FCUST-C28,FC11,2,47
FCUST-C28,FC12,2,84
FCUST-C28,FC13,2,69
FCUST-C28,FC14,2,58
FCUST-C28,FC15,2,58
FCUST-C28,FC16,2,53
FGRIP-C11,FGPD,7,55
FCUST-C28,170B,2,23
SENSE-C9,479A,10,111
SENSE-C9,479B,10,111
SENSE-C9,CNTC,10,111
SENSE-C9,CNTA,10,111
SENSE-C9,CNTB,10,111
BSLCK-C13,B60A,9,100
BSLCK-C13,B60B,9,100
BSLCK-C13,B60C,9,106
BSLCK-C13,B60D,9,106
BSLCK-C13,B60E,9,100
BSLCK-C13,B60F,9,100
BSLCK-C13,B60G,9,100
BSLCK-C13,B60H,9,100
BSLCK-C13,B60I,9,100
BSLCK-C13,B60J,9,100
BSLCK-C13,B60R,9,100
BSLCK-C13,B80A,9,100
CONTROL-C2,CTLA,8,90
CONTROL-C2,CTLB,8,90
CONTROL-C2,CTLC,8,90
CONTROL-C2,CTLD,8,90
CONTROL-C2,CTLE,8,90
CONTROL-C2,CTLF,8,90
DENALI-C39,NCDA,11,125
DENALI-C39,NCDB,11,131
DENALI-C39,NCDE,11,77
F40-C23,F40E,8,89
F40-C23,F40E,8,89
F40-C25,F402,9,89
F40-C25,F403,9,82
F40-C25,F404,9,82
F40-C25,F405,9,100
F40-C25,F406,9,82
F40-C25,F409,9,82
F40-C25,F430,9,87
F40-C25,F454,9,82
F40-C25,F455,9,82
F40-C26,F40E,8,89
F40-C26,F40E,8,89
F51-C22,F51A,9,121
F51-C22,F51B,9,100
F51-C22,F51C,9,104
F51-C22,F51G,9,128
F51-C22,F51H,9,124
F51-C22,F51Q,9,100
F51-C22,F51U,9,111
F51-C22,F51X,9,111
F51-C22,F51Y,9,111
FB-C21,FB15,13,129
FB-C37,F50A,9,69
FB-C37,FB50,9,64
FB-C37,FB5C,9,88
FCUST-C29,FC01,7,54
FCUST-C29,FC03,7,54
FCUST-C29,FC04,7,62
FCUST-C29,FC05,7,148
FCUST-C29,FC06,7,123
FCUST-C29,FC07,7,141
FCUST-C29,FC08,7,135
FCUST-C29,FC77,7,130
FG-C18,FGPA,4,69
FG-C18,FGPG,4,68
FG-C188,FGPB,4,61
FG-C188,FGPI,4,45
HIOC-C34,H285,3,69
HIOC-C34,H58A,3,77
HIOC-C34,H58B,3,79
HIOC-C34,H59A,3,69
HIOC-C34,H59B,3,69
HIOC-C34,H60A,3,69
HIOC-C34,H60B,3,76
HIOC-C34,H92A,3,73
HIOC-C34,H92B,3,84
HIOC-C34,H93A,3,78
HIOC-C34,H93B,3,61
HIOC-C34,H94A,3,70
HIOC-C34,H94B,3,75
FGRIP-C11,FGPJ,7,81
FGRIP-C11,FGPK,7,63
FGRIP-C11,FGPL,7,77
FGRIP-C11,FGPM,7,78
NEXIA-C3,F595,11,95
NEXIA-C3,F599,11,94
SENSE-C9,479A,5,68
SENSE-C9,479B,5,68
SENSE-C9,CNTC,5,50
SENSE-C9,CNTA,5,50
SENSE-C9,CNTB,5,50
FCUST-C28,FC09,2,28
FCUST-C28,FC10,2,31
FCUST-C28,FC11,2,47
FCUST-C28,FC12,2,84
FCUST-C28,FC13,2,69
FCUST-C28,FC14,2,58
FCUST-C28,FC15,2,58
FCUST-C28,FC16,2,53
FGRIP-C11,FGPD,7,55
FCUST-C28,170B,2,23
SENSE-C9,479A,9,100
SENSE-C9,479B,9,100
SENSE-C9,CNTC,9,100
SENSE-C9,CNTA,9,100
SENSE-C9,CNTB,9,100
BSLCK-C13,B60A,9,100
BSLCK-C13,B60B,9,100
BSLCK-C13,B60C,9,106
BSLCK-C13,B60D,9,106
BSLCK-C13,B60E,9,100
BSLCK-C13,B60F,9,100
BSLCK-C13,B60G,9,100
BSLCK-C13,B60H,9,100
BSLCK-C13,B60I,9,100
BSLCK-C13,B60J,9,100
BSLCK-C13,B60R,9,100
BSLCK-C13,B80A,9,100
CONTROL-C2,CTLA,8,90
CONTROL-C2,CTLB,8,90
CONTROL-C2,CTLC,8,90
CONTROL-C2,CTLD,8,90
CONTROL-C2,CTLE,8,90
CONTROL-C2,CTLF,8,90
DENALI-C39,NCDA,11,125
DENALI-C39,NCDB,11,131
DENALI-C39,NCDE,11,77
F40-C23,F40E,8,89
F40-C23,F40E,8,89
F40-C25,F402,9,89
F40-C25,F403,9,82
F40-C25,F404,9,82
F40-C25,F405,9,100
F40-C25,F406,9,82
F40-C25,F409,9,82
F40-C25,F430,9,87
F40-C25,F454,9,82
F40-C25,F455,9,82
F40-C26,F40E,8,89
F40-C26,F40E,8,89
F51-C22,F51A,9,121
F51-C22,F51B,9,100
F51-C22,F51C,9,104
F51-C22,F51G,9,128
F51-C22,F51H,9,124
F51-C22,F51Q,9,100
F51-C22,F51U,9,111
F51-C22,F51X,9,111
F51-C22,F51Y,9,111
FB-C21,FB15,13,129
FB-C37,F50A,9,69
FB-C37,FB50,9,64
FB-C37,FB5C,9,88
FCUST-C29,FC01,7,54
FCUST-C29,FC03,7,54
FCUST-C29,FC04,7,62
FCUST-C29,FC05,7,148
FCUST-C29,FC06,7,123
FCUST-C29,FC07,7,141
FCUST-C29,FC08,7,135
FCUST-C29,FC77,7,130
FG-C18,FGPA,4,69
FG-C18,FGPG,4,68
FG-C188,FGPB,4,61
FG-C188,FGPI,4,45
HIOC-C34,H285,3,69
HIOC-C34,H58A,3,77
HIOC-C34,H58B,3,79
HIOC-C34,H59A,3,69
HIOC-C34,H59B,3,69
HIOC-C34,H60A,3,69
HIOC-C34,H60B,3,76
HIOC-C34,H92A,3,73
HIOC-C34,H92B,3,84
HIOC-C34,H93A,3,78
HIOC-C34,H93B,3,61
HIOC-C34,H94A,3,70
HIOC-C34,H94B,3,75
FGRIP-C11,FGPJ,7,81
FGRIP-C11,FGPK,7,63
FGRIP-C11,FGPL,7,77
FGRIP-C11,FGPM,7,78
NEXIA-C3,F595,11,95
NEXIA-C3,F599,11,94
SENSE-C9,479A,5,68
SENSE-C9,479B,5,68
SENSE-C9,CNTC,5,50
SENSE-C9,CNTA,5,50
SENSE-C9,CNTB,5,50
FCUST-C28,FC09,2,28
FCUST-C28,FC10,2,31
FCUST-C28,FC11,2,47
FCUST-C28,FC12,2,84
FCUST-C28,FC13,2,69
FCUST-C28,FC14,2,58
FCUST-C28,FC15,2,58
FCUST-C28,FC16,2,53
FGRIP-C11,FGPD,7,55
,,,
,,,
,,,
,,,
,,,
,,,
,,,
BSLCK-C13,,9,103
BSLCK-C13,,9,100
BSLCK-C13,,9,108
BSLCK-C13,,9,108
BSLCK-C13,,9,100
BSLCK-C13,,9,100
BSLCK-C13,,9,100
BSLCK-C13,,9,104
BSLCK-C13,,9,100
BSLCK-C13,,9,100
BSLCK-C13,,9,100
BSLCK-C13,,9,100
CONTROL-C2,,5,60
CONTROL-C2,,5,60
CONTROL-C2,,5,60
CONTROL-C2,,5,60
CONTROL-C2,,5,60
CONTROL-C2,,5,60
DENALI-C39,,11,125
DENALI-C39,,11,131
DENALI-C39,,11,77
F40-C23,,8,89
F40-C23,,8,89
F40-C25,,9,79
F40-C25,,9,82
F40-C25,,9,82
F40-C25,,9,100
F40-C25,,9,82
F40-C25,,9,82
F40-C25,,9,87
F40-C25,,9,82
F40-C25,,9,82
F40-C26,,8,89
F40-C26,,8,89
F51-C22,,9,121
F51-C22,,9,100
F51-C22,,9,101
F51-C22,,9,100
F51-C22,,9,112
F51-C22,,9,100
F51-C22,,9,111
F51-C22,,9,111
F51-C22,,9,111
FB-C21,,13,129
FB-C37,,9,69
FB-C37,,9,64
FB-C37,,9,88
FB-C37,,5,34
FB-C37,,5,32
FB-C37,,5,44
FCUST-C29,,7,54
FCUST-C29,,7,54
FCUST-C29,,7,62
FCUST-C29,,7,148
FCUST-C29,,7,123
FCUST-C29,,7,141
FCUST-C29,,7,135
FCUST-C29,,7,130
FCUST-C28,,2,28
FCUST-C28,,2,31
FCUST-C28,,2,47
FCUST-C28,,2,84
FCUST-C28,,2,69
FCUST-C28,,2,58
FCUST-C28,,2,58
FCUST-C28,,2,53
FG-C18,,4,69
FG-C18,,4,68
FG-C188,,4,61
FG-C188,,4,45
HIOC-C34,,3,69
HIOC-C34,,3,77
HIOC-C34,,3,79
HIOC-C34,,3,69
HIOC-C34,,3,69
HIOC-C34,,3,69
HIOC-C34,,3,76
HIOC-C34,,3,73
HIOC-C34,,3,84
HIOC-C34,,3,78
HIOC-C34,,3,61
HIOC-C34,,3,70
HIOC-C34,,3,75
FGRIP-C11,,7,81
FGRIP-C11,,7,63
FGRIP-C11,,7,77
FGRIP-C11,,7,78
FGRIP-C11,,7,55
NEXIA-C3,,11,95
NEXIA-C3,,11,94
SENSE-C9,,5,68
SENSE-C9,,5,68
SENSE-C9,,5,50
SENSE-C9,,5,50
SENSE-C9,,5,50
FCUST-C28,,3,36
FCUST-C28,,3,36
FCUST-C28,,3,47
FCUST-C28,,3,46
FCUST-C28,,3,57
FCUST-C28,,3,57
FCUST-C28,,3,53
FCUST-C28,,3,89
FCUST-C28,,3,36
CONNECTC31,,9,85
CONNECTC31,,9,85
CONNECTC31,,9,85
CONNECTC31,,9,85
CONNECTC31,,9,85
BSLCK-C17,,9,103
BSLCK-C17,,9,100
BSLCK-C17,,9,108
BSLCK-C17,,9,108
BSLCK-C17,,9,100
BSLCK-C17,,9,100
BSLCK-C17,,9,100
BSLCK-C17,,9,104
BSLCK-C17,,9,100
BSLCK-C17,,9,100
BSLCK-C17,,9,100
BSLCK-C17,,9,100
BSLCK-C13,,9,103
BSLCK-C13,,9,100
BSLCK-C13,,9,108
BSLCK-C13,,9,108
BSLCK-C13,,9,100
BSLCK-C13,,9,100
BSLCK-C13,,9,100
BSLCK-C13,,9,104
BSLCK-C13,,9,100
BSLCK-C13,,9,100
BSLCK-C13,,9,100
BSLCK-C13,,9,100
CONTROL-C2,,5,60
CONTROL-C2,,5,60
CONTROL-C2,,5,60
CONTROL-C2,,5,60
CONTROL-C2,,5,60
CONTROL-C2,,5,60
DENALI-C39,,11,125
DENALI-C39,,11,131
DENALI-C39,,11,77
F40-C23,,8,89
F40-C23,,8,89
F40-C25,,9,89
F40-C25,,9,82
F40-C25,,9,82
F40-C25,,9,100
F40-C25,,9,82
F40-C25,,9,82
F40-C25,,9,87
F40-C25,,9,82
F40-C25,,9,82
F40-C26,,8,89
F40-C26,,8,89
F51-C22,,9,121
F51-C22,,9,100
F51-C22,,9,104
F51-C22,,9,115
F51-C22,,9,112
F51-C22,,9,100
F51-C22,,9,111
F51-C22,,9,111
F51-C22,,9,111
FB-C21,,13,129
FB-C37,,9,69
FB-C37,,9,64
FB-C37,,9,88
FB-C37,,5,34
FB-C37,,5,32
FB-C37,,5,44
FCUST-C29,,7,54
FCUST-C29,,7,54
FCUST-C29,,7,62
FCUST-C29,,7,148
FCUST-C29,,7,123
FCUST-C29,,7,141
FCUST-C29,,7,135
FCUST-C29,,7,130
FCUST-C28,,2,28
FCUST-C28,,2,31
FCUST-C28,,2,47
FCUST-C28,,2,84
FCUST-C28,,2,69
FCUST-C28,,2,58
FCUST-C28,,2,58
FCUST-C28,,2,53
FG-C18,,4,69
FG-C18,,4,68
FG-C188,,4,61
FG-C188,,4,45
HIOC-C34,,3,69
HIOC-C34,,3,77
HIOC-C34,,3,79
HIOC-C34,,3,69
HIOC-C34,,3,69
HIOC-C34,,3,69
HIOC-C34,,3,76
HIOC-C34,,3,73
HIOC-C34,,3,84
HIOC-C34,,3,78
HIOC-C34,,3,61
HIOC-C34,,3,70
HIOC-C34,,3,75
FGRIP-C11,,7,81
FGRIP-C11,,7,63
FGRIP-C11,,7,77
FGRIP-C11,,7,78
FGRIP-C11,,7,55
NEXIA-C3,,11,95
NEXIA-C3,,11,94
SENSE-C9,,5,68
SENSE-C9,,5,68
SENSE-C9,,5,50
SENSE-C9,,5,50
SENSE-C9,,5,50
FCUST-C28,,3,36
FCUST-C28,,3,36
FCUST-C28,,3,47
FCUST-C28,,3,46
FCUST-C28,,3,57
FCUST-C28,,3,57
FCUST-C28,,3,53
FCUST-C28,,3,89
FCUST-C28,,3,36
CONNECTC31,,9,85
CONNECTC31,,9,85
CONNECTC31,,9,85
CONNECTC31,,9,85
CONNECTC31,,9,85
BSLCK-C17,,9,103
BSLCK-C17,,9,100
BSLCK-C17,,9,106
BSLCK-C17,,9,106
BSLCK-C17,,9,100
BSLCK-C17,,9,100
BSLCK-C17,,9,100
BSLCK-C17,,9,104
BSLCK-C17,,9,100
BSLCK-C17,,9,100
BSLCK-C17,,9,100
BSLCK-C17,,9,100
BSLCK-C13,,9,103
BSLCK-C13,,9,100
BSLCK-C13,,9,108
BSLCK-C13,,9,108
BSLCK-C13,,9,100
BSLCK-C13,,9,100
BSLCK-C13,,9,100
BSLCK-C13,,9,104
BSLCK-C13,,9,100
BSLCK-C13,,9,100
BSLCK-C13,,9,100
BSLCK-C13,,9,100
CONTROL-C2,,8,90
CONTROL-C2,,8,90
CONTROL-C2,,8,90
CONTROL-C2,,8,90
CONTROL-C2,,8,90
CONTROL-C2,,8,90
DENALI-C39,,11,125
DENALI-C39,,11,131
DENALI-C39,,11,77
F40-C25,,9,79
F40-C25,,9,82
F40-C25,,9,82
F40-C25,,9,100
F40-C25,,9,82
F40-C25,,9,82
F40-C25,,9,87
F40-C25,,9,82
F40-C25,,9,82
F51-C22,,9,121
F51-C22,,9,102
F51-C22,,9,101
F51-C22,,9,100
F51-C22,,9,112
F51-C22,,9,108
F51-C22,,9,111
F51-C22,,9,111
F51-C22,,9,111
FB-C21,,13,129
FB-C37,,9,73
FB-C37,,9,67
FB-C37,,9,93
FB-C37,,5,34
FB-C37,,5,32
FB-C37,,5,44
FCUST-C29,,7,54
FCUST-C29,,7,54
FCUST-C29,,7,62
FCUST-C29,,7,148
FCUST-C29,,7,123
FCUST-C29,,7,141
FCUST-C29,,7,135
FCUST-C29,,7,130
FCUST-C28,,2,28
FCUST-C28,,2,31
FCUST-C28,,2,47
FCUST-C28,,2,84
FCUST-C28,,2,69
FCUST-C28,,2,58
FCUST-C28,,2,58
FCUST-C28,,2,53
FG-C18,,4,69
FG-C18,,4,68
FG-C188,,4,61
FG-C188,,4,45
HIOC-C34,,5,74
HIOC-C34,,5,67
HIOC-C34,,5,170
HIOC-C34,,5,255
HIOC-C34,,5,181
HIOC-C34,,5,127
HIOC-C34,,5,211
HIOC-C34,,5,161
FCUST-C28,,4,36
FCUST-C28,,4,36
FCUST-C28,,4,47
FCUST-C28,,4,46
FCUST-C28,,4,57
FCUST-C28,,4,57
FCUST-C28,,4,53
FCUST-C28,,4,89
FCUST-C28,,4,36
FGRIP-C11,,7,81
FGRIP-C11,,7,63
FGRIP-C11,,7,77
FGRIP-C11,,7,78
FGRIP-C11,,7,55
NEXIA-C3,,11,95
NEXIA-C3,,11,94
NEXIA-C3,,6,21
NEXIA-C3,,6,26
NEXIA-C3,,6,26
SENSE-C9,,5,68
SENSE-C9,,5,68
SENSE-C9,,5,50
SENSE-C9,,5,50
SENSE-C9,,5,50
CONNECTC31,,9,85
CONNECTC31,,9,85
CONNECTC31,,9,85
CONNECTC31,,9,85
CONNECTC31,,9,85
BSLCK-C17,,9,103
BSLCK-C17,,9,100
BSLCK-C17,,9,108
BSLCK-C17,,9,108
BSLCK-C17,,9,100
BSLCK-C17,,9,100
BSLCK-C17,,9,100
BSLCK-C17,,9,104
BSLCK-C17,,9,100
BSLCK-C17,,9,100
BSLCK-C17,,9,100
BSLCK-C17,,9,100
BSLCK-C17,,4,52
BSLCK-C17,,4,47
BSLCK-C17,,4,54
BSLCK-C17,,4,54
BSLCK-C17,,4,51
BSLCK-C17,,4,51
BSLCK-C17,,4,42
BSLCK-C17,,4,57
BSLCK-C17,,4,63
BSLCK-C17,,4,44
BSLCK-C17,,4,52
BSLCK-C17,,4,50
BSLCK-C13,,9,103
BSLCK-C13,,9,100
BSLCK-C13,,9,108
BSLCK-C13,,9,108
BSLCK-C13,,9,100
BSLCK-C13,,9,100
BSLCK-C13,,9,100
BSLCK-C13,,9,104
BSLCK-C13,,9,100
BSLCK-C13,,9,100
BSLCK-C13,,9,100
BSLCK-C13,,9,100
CONTROL-C2,,8,90
CONTROL-C2,,8,90
CONTROL-C2,,8,90
CONTROL-C2,,8,90
CONTROL-C2,,8,90
CONTROL-C2,,8,90
DENALI-C39,,11,125
DENALI-C39,,11,131
DENALI-C39,,11,77
F40-C25,,9,79
F40-C25,,9,82
F40-C25,,9,82
F40-C25,,9,100
F40-C25,,9,82
F40-C25,,9,82
F40-C25,,9,87
F40-C25,,9,82
F40-C25,,9,82
F51-C22,,9,121
F51-C22,,9,104
F51-C22,,9,101
F51-C22,,9,100
F51-C22,,9,112
F51-C22,,9,108
F51-C22,,9,111
F51-C22,,9,111
F51-C22,,9,111
FB-C21,,13,129
FB-C37,,9,73
FB-C37,,9,67
FB-C37,,9,93
FB-C37,,5,34
FB-C37,,5,32
FB-C37,,5,44
FCUST-C29,,7,54
FCUST-C29,,7,54
FCUST-C29,,7,62
FCUST-C29,,7,148
FCUST-C29,,7,123
FCUST-C29,,7,141
FCUST-C29,,7,135
FCUST-C29,,7,130
FCUST-C28,,2,28
FCUST-C28,,2,31
FCUST-C28,,2,47
FCUST-C28,,2,84
FCUST-C28,,2,69
FCUST-C28,,2,58
FCUST-C28,,2,58
FCUST-C28,,2,53
FG-C18,,4,69
FG-C18,,4,68
FG-C188,,4,61
FG-C188,,4,45
HIOC-C34,,5,74
HIOC-C34,,5,67
HIOC-C34,,5,170
HIOC-C34,,5,255
HIOC-C34,,5,181
HIOC-C34,,5,127
HIOC-C34,,5,211
HIOC-C34,,5,161
FCUST-C28,,4,36
FCUST-C28,,4,36
FCUST-C28,,4,47
FCUST-C28,,4,46
FCUST-C28,,4,57
FCUST-C28,,4,57
FCUST-C28,,4,53
FCUST-C28,,4,89
FCUST-C28,,4,36
FGRIP-C11,,7,81
FGRIP-C11,,7,63
FGRIP-C11,,7,77
FGRIP-C11,,7,78
FGRIP-C11,,7,55
NEXIA-C3,,11,95
NEXIA-C3,,11,94
NEXIA-C3,,6,21
NEXIA-C3,,6,26
NEXIA-C3,,6,26
SENSE-C9,,5,68
SENSE-C9,,5,68
SENSE-C9,,5,50
SENSE-C9,,5,50
SENSE-C9,,5,50
CONNECTC31,,9,85
CONNECTC31,,9,85
CONNECTC31,,9,85
CONNECTC31,,9,85
CONNECTC31,,9,85
BSLCK-C17,,9,103
BSLCK-C17,,9,100
BSLCK-C17,,9,108
BSLCK-C17,,9,108
BSLCK-C17,,9,100
BSLCK-C17,,9,100
BSLCK-C17,,9,100
BSLCK-C17,,9,104
BSLCK-C17,,9,100
BSLCK-C17,,9,100
BSLCK-C17,,9,100
BSLCK-C17,,9,100
BSLCK-C17,,4,26
BSLCK-C17,,4,26
BSLCK-C17,,4,23
BSLCK-C17,,4,23
BSLCK-C17,,4,20
BSLCK-C17,,4,20
BSLCK-C17,,4,19
BSLCK-C17,,4,25
BSLCK-C17,,4,49
BSLCK-C17,,4,23
BSLCK-C17,,4,28
BSLCK-C17,,4,23
BSLCK-C13,,9,103
BSLCK-C13,,9,100
BSLCK-C13,,9,108
BSLCK-C13,,9,108
BSLCK-C13,,9,100
BSLCK-C13,,9,100
BSLCK-C13,,9,100
BSLCK-C13,,9,104
BSLCK-C13,,9,100
BSLCK-C13,,9,100
BSLCK-C13,,9,100
BSLCK-C13,,9,100
CONTROL-C2,,8,90
CONTROL-C2,,8,90
CONTROL-C2,,8,90
CONTROL-C2,,8,90
CONTROL-C2,,8,90
CONTROL-C2,,8,90
DENALI-C39,,11,125
DENALI-C39,,11,131
DENALI-C39,,11,77
F40-C25,,9,79
F40-C25,,9,82
F40-C25,,9,82
F40-C25,,9,100
F40-C25,,9,82
F40-C25,,9,82
F40-C25,,9,87
F40-C25,,9,82
F40-C25,,9,82
F51-C22,,9,121
F51-C22,,9,106
F51-C22,,9,101
F51-C22,,9,100
F51-C22,,9,112
F51-C22,,9,108
F51-C22,,9,111
F51-C22,,9,111
F51-C22,,9,111
FB-C21,,13,129
FB-C37,,9,73
FB-C37,,9,67
FB-C37,,9,93
FB-C37,,5,34
FB-C37,,5,32
FB-C37,,5,44
FCUST-C29,,7,54
FCUST-C29,,7,54
FCUST-C29,,7,62
FCUST-C29,,7,148
FCUST-C29,,7,123
FCUST-C29,,7,141
FCUST-C29,,7,135
FCUST-C29,,7,130
FCUST-C28,,2,28
FCUST-C28,,2,31
FCUST-C28,,2,47
FCUST-C28,,2,84
FCUST-C28,,2,69
FCUST-C28,,2,58
FCUST-C28,,2,58
FCUST-C28,,2,53
FG-C18,,4,69
FG-C18,,4,68
FG-C188,,4,61
FG-C188,,4,45
HIOC-C34,,5,74
HIOC-C34,,5,67
HIOC-C34,,5,170
HIOC-C34,,5,255
HIOC-C34,,5,181
HIOC-C34,,5,127
HIOC-C34,,5,211
HIOC-C34,,5,161
FCUST-C28,,4,36
FCUST-C28,,4,36
FCUST-C28,,4,47
FCUST-C28,,4,46
FCUST-C28,,4,57
FCUST-C28,,4,57
FCUST-C28,,4,53
FCUST-C28,,4,89
FCUST-C28,,4,36
FGRIP-C11,,7,81
FGRIP-C11,,7,63
FGRIP-C11,,7,77
FGRIP-C11,,7,78
FGRIP-C11,,7,55
NEXIA-C3,,11,95
NEXIA-C3,,11,94
NEXIA-C3,,6,21
NEXIA-C3,,6,26
NEXIA-C3,,6,26
SENSE-C9,,5,68
SENSE-C9,,5,68
SENSE-C9,,5,50
SENSE-C9,,5,50
SENSE-C9,,5,50
CONNECTC31,,9,85
CONNECTC31,,9,85
CONNECTC31,,9,85
CONNECTC31,,9,85
CONNECTC31,,9,85
BSLCK-C17,,9,103
BSLCK-C17,,9,100
BSLCK-C17,,9,108
BSLCK-C17,,9,108
BSLCK-C17,,9,100
BSLCK-C17,,9,100
BSLCK-C17,,9,100
BSLCK-C17,,9,104
BSLCK-C17,,9,100
BSLCK-C17,,9,100
BSLCK-C17,,9,100
BSLCK-C17,,9,100
BSLCK-C17,,4,26
BSLCK-C17,,4,26
BSLCK-C17,,4,23
BSLCK-C17,,4,23
BSLCK-C17,,4,20
BSLCK-C17,,4,20
BSLCK-C17,,4,19
BSLCK-C17,,4,25
BSLCK-C17,,4,49
BSLCK-C17,,4,23
BSLCK-C17,,4,28
BSLCK-C17,,4,23
BSLCK-C13,,9,103
BSLCK-C13,,9,100
BSLCK-C13,,9,108
BSLCK-C13,,9,108
BSLCK-C13,,9,100
BSLCK-C13,,9,100
BSLCK-C13,,9,100
BSLCK-C13,,9,104
BSLCK-C13,,9,100
BSLCK-C13,,9,100
BSLCK-C13,,9,100
BSLCK-C13,,9,100
CONTROL-C2,,8,90
CONTROL-C2,,8,90
CONTROL-C2,,8,90
CONTROL-C2,,8,90
CONTROL-C2,,8,90
CONTROL-C2,,8,90
DENALI-C39,,11,125
DENALI-C39,,11,131
DENALI-C39,,11,77
F40-C25,,9,90
F40-C25,,9,82
F40-C25,,9,82
F40-C25,,9,100
F40-C25,,9,82
F40-C25,,9,82
F40-C25,,9,87
F40-C25,,9,82
F40-C25,,9,82
F51-C22,,9,121
F51-C22,,9,108
F51-C22,,9,101
F51-C22,,9,100
F51-C22,,9,112
F51-C22,,9,108
F51-C22,,9,111
F51-C22,,9,111
F51-C22,,9,111
FB-C21,,13,129
FB-C37,,9,73
FB-C37,,9,67
FB-C37,,9,93
FB-C37,,5,34
FB-C37,,5,32
FB-C37,,5,44
FCUST-C29,,7,54
FCUST-C29,,7,54
FCUST-C29,,7,62
FCUST-C29,,7,148
FCUST-C29,,7,123
FCUST-C29,,7,141
FCUST-C29,,7,135
FCUST-C29,,7,130
FCUST-C28,,2,28
FCUST-C28,,2,31
FCUST-C28,,2,47
FCUST-C28,,2,84
FCUST-C28,,2,69
FCUST-C28,,2,58
FCUST-C28,,2,58
FCUST-C28,,2,53
FG-C18,,4,69
FG-C18,,4,68
FG-C188,,4,61
FG-C188,,4,45
HIOC-C34,,5,74
HIOC-C34,,5,67
HIOC-C34,,5,170
HIOC-C34,,5,255
HIOC-C34,,5,181
HIOC-C34,,5,127
HIOC-C34,,5,211
HIOC-C34,,5,161
FCUST-C28,,4,36
FCUST-C28,,4,36
FCUST-C28,,4,47
FCUST-C28,,4,46
FCUST-C28,,4,57
FCUST-C28,,4,57
FCUST-C28,,4,53
FCUST-C28,,4,89
FCUST-C28,,4,36
FGRIP-C11,,7,81
FGRIP-C11,,7,63
FGRIP-C11,,7,77
FGRIP-C11,,7,78
FGRIP-C11,,7,55
NEXIA-C3,,11,95
NEXIA-C3,,11,94
NEXIA-C3,,6,21
NEXIA-C3,,6,26
NEXIA-C3,,6,26
SENSE-C9,,5,68
SENSE-C9,,5,68
SENSE-C9,,5,50
SENSE-C9,,5,50
SENSE-C9,,5,50
CONNECTC31,,9,85
CONNECTC31,,9,85
CONNECTC31,,9,85
CONNECTC31,,9,85
CONNECTC31,,9,85
BSLCK-C17,,9,103
BSLCK-C17,,9,100
BSLCK-C17,,9,108
BSLCK-C17,,9,108
BSLCK-C17,,9,100
BSLCK-C17,,9,100
BSLCK-C17,,9,100
BSLCK-C17,,9,104
BSLCK-C17,,9,100
BSLCK-C17,,9,100
BSLCK-C17,,9,100
BSLCK-C17,,9,100
BSLCK-C17,,4,26
BSLCK-C17,,4,26
BSLCK-C17,,4,23
BSLCK-C17,,4,23
BSLCK-C17,,4,20
BSLCK-C17,,4,20
BSLCK-C17,,4,19
BSLCK-C17,,4,25
BSLCK-C17,,4,49
BSLCK-C17,,4,23
BSLCK-C17,,4,28
BSLCK-C17,,4,23
BSLCK-C13,,9,103
BSLCK-C13,,9,100
BSLCK-C13,,9,108
BSLCK-C13,,9,108
BSLCK-C13,,9,100
BSLCK-C13,,9,100
BSLCK-C13,,9,100
BSLCK-C13,,9,104
BSLCK-C13,,9,100
BSLCK-C13,,9,100
BSLCK-C13,,9,100
BSLCK-C13,,9,100
CONTROL-C2,,8,90
CONTROL-C2,,8,90
CONTROL-C2,,8,90
CONTROL-C2,,8,90
CONTROL-C2,,8,90
CONTROL-C2,,8,90
DENALI-C39,,11,125
DENALI-C39,,11,131
DENALI-C39,,11,77
F40-C25,,9,79
F40-C25,,9,82
F40-C25,,9,82
F40-C25,,9,100
F40-C25,,9,82
F40-C25,,9,82
F40-C25,,9,87
F40-C25,,9,82
F40-C25,,9,82
F51-C22,,9,121
F51-C22,,9,102
F51-C22,,9,101
F51-C22,,9,100
F51-C22,,9,112
F51-C22,,9,108
F51-C22,,9,111
F51-C22,,9,111
F51-C22,,9,111
FB-C21,,13,129
FB-C37,,9,73
FB-C37,,9,67
FB-C37,,9,93
FB-C37,,5,34
FB-C37,,5,32
FB-C37,,5,44
FCUST-C29,,7,54
FCUST-C29,,7,54
FCUST-C29,,7,62
FCUST-C29,,7,148
FCUST-C29,,7,123
FCUST-C29,,7,141
FCUST-C29,,7,135
FCUST-C29,,7,130
FCUST-C28,,2,28
FCUST-C28,,2,31
FCUST-C28,,2,47
FCUST-C28,,2,84
FCUST-C28,,2,69
FCUST-C28,,2,58
FCUST-C28,,2,58
FCUST-C28,,2,53
FG-C18,,4,69
FG-C18,,4,68
FG-C188,,4,61
FG-C188,,4,45
HIOC-C34,,5,74
HIOC-C34,,5,67
HIOC-C34,,5,170
HIOC-C34,,5,255
HIOC-C34,,5,181
HIOC-C34,,5,127
HIOC-C34,,5,211
HIOC-C34,,5,161
FCUST-C28,,4,36
FCUST-C28,,4,36
FCUST-C28,,4,47
FCUST-C28,,4,46
FCUST-C28,,4,57
FCUST-C28,,4,57
FCUST-C28,,4,53
FCUST-C28,,4,89
FCUST-C28,,4,36
FGRIP-C11,,7,81
FGRIP-C11,,7,63
FGRIP-C11,,7,77
FGRIP-C11,,7,78
FGRIP-C11,,7,55
NEXIA-C3,,11,95
NEXIA-C3,,11,94
NEXIA-C3,,6,21
NEXIA-C3,,6,26
NEXIA-C3,,6,26
SENSE-C9,,5,68
SENSE-C9,,5,68
SENSE-C9,,5,50
SENSE-C9,,5,50
SENSE-C9,,5,50
CONNECTC31,,9,85
CONNECTC31,,9,85
CONNECTC31,,9,85
CONNECTC31,,9,85
CONNECTC31,,9,85
BSLCK-C17,,9,103
BSLCK-C17,,9,100
BSLCK-C17,,9,108
BSLCK-C17,,9,108
BSLCK-C17,,9,100
BSLCK-C17,,9,100
BSLCK-C17,,9,100
BSLCK-C17,,9,104
BSLCK-C17,,9,100
BSLCK-C17,,9,100
BSLCK-C17,,9,100
BSLCK-C17,,9,100
BSLCK-C17,,4,52
BSLCK-C17,,4,47
BSLCK-C17,,4,54
BSLCK-C17,,4,54
BSLCK-C17,,4,51
BSLCK-C17,,4,51
BSLCK-C17,,4,42
BSLCK-C17,,4,57
BSLCK-C17,,4,63
BSLCK-C17,,4,44
BSLCK-C17,,4,52
BSLCK-C17,,4,50
BSLCK-C17,,4,26
BSLCK-C17,,4,26
BSLCK-C17,,4,23
BSLCK-C17,,4,23
BSLCK-C17,,4,20
BSLCK-C17,,4,20
BSLCK-C17,,4,19
BSLCK-C17,,4,25
BSLCK-C17,,4,49
BSLCK-C17,,4,23
BSLCK-C17,,4,28
BSLCK-C17,,4,23
BSLCK-C13,,9,103
BSLCK-C13,,9,100
BSLCK-C13,,9,108
BSLCK-C13,,9,108
BSLCK-C13,,9,100
BSLCK-C13,,9,100
BSLCK-C13,,9,100
BSLCK-C13,,9,104
BSLCK-C13,,9,100
BSLCK-C13,,9,100
BSLCK-C13,,9,100
BSLCK-C13,,9,100
CONTROL-C2,,5,60
CONTROL-C2,,5,60
CONTROL-C2,,5,60
CONTROL-C2,,5,60
CONTROL-C2,,5,60
CONTROL-C2,,5,60
DENALI-C39,,11,125
DENALI-C39,,11,131
DENALI-C39,,11,77
F40-C25,,9,93
F40-C25,,9,82
F40-C25,,9,82
F40-C25,,9,100
F40-C25,,9,82
F40-C25,,9,82
F40-C25,,9,87
F40-C25,,9,82
F40-C25,,9,82
F51-C22,,9,121
F51-C22,,9,108
F51-C22,,9,101
F51-C22,,9,100
F51-C22,,9,112
F51-C22,,9,108
F51-C22,,9,111
F51-C22,,9,111
F51-C22,,9,111
FB-C21,,13,129
FB-C37,,9,65
FB-C37,,9,61
FB-C37,,9,83
FB-C37,,5,54
FB-C37,,5,50
FB-C37,,5,69
FCUST-C29,,7,54
FCUST-C29,,7,54
FCUST-C29,,7,62
FCUST-C29,,7,148
FCUST-C29,,7,123
FCUST-C29,,7,141
FCUST-C29,,7,135
FCUST-C29,,7,130
FCUST-C28,,2,28
FCUST-C28,,2,31
FCUST-C28,,2,47
FCUST-C28,,2,84
FCUST-C28,,2,69
FCUST-C28,,2,58
FCUST-C28,,2,58
FCUST-C28,,2,53
FG-C18,,4,69
FG-C18,,4,68
FG-C188,,4,61
FG-C188,,4,45
HIOC-C34,,5,74
HIOC-C34,,5,67
HIOC-C34,,5,170
HIOC-C34,,5,255
HIOC-C34,,5,181
HIOC-C34,,5,127
HIOC-C34,,5,211
HIOC-C34,,5,161
FCUST-C28,,4,36
FCUST-C28,,4,36
FCUST-C28,,4,47
FCUST-C28,,4,46
FCUST-C28,,4,57
FCUST-C28,,4,57
FCUST-C28,,4,53
FCUST-C28,,4,89
FCUST-C28,,4,36
FGRIP-C11,,7,81
FGRIP-C11,,7,63
FGRIP-C11,,7,77
FGRIP-C11,,7,78
FGRIP-C11,,7,55
NEXIA-C3,,6,21
NEXIA-C3,,6,26
NEXIA-C3,,6,26
NEXIA-C3,,11,95
NEXIA-C3,,11,94
SENSE-C9,,5,68
SENSE-C9,,5,68
SENSE-C9,,5,50
SENSE-C9,,5,50
SENSE-C9,,5,50
CONNECTC31,,9,85
CONNECTC31,,9,85
CONNECTC31,,9,85
CONNECTC31,,9,85
CONNECTC31,,9,85
BSLCK-C17,,9,103
BSLCK-C17,,9,100
BSLCK-C17,,9,108
BSLCK-C17,,9,108
BSLCK-C17,,9,100
BSLCK-C17,,9,100
BSLCK-C17,,9,100
BSLCK-C17,,9,104
BSLCK-C17,,9,100
BSLCK-C17,,9,100
BSLCK-C17,,9,100
BSLCK-C17,,9,100
,,,
,,,
,,,
,,,
,,,
,,,
,,,
,,,
,,,
,,,
,,,
,,,
,,,
,,,
,,,
,,,
,,,
,,,
,,,
,,,
,,,
,,,
,,,
,,,
,,,
,,,
,,,
,,,
,,,
,,,
,,,
,,,
,,,
,,,
,,,
,,,
,,,
,,,
,,,
,,,
,,,
,,,
,,,
,,,
,,,
,,,
,,,
,,,
,,,
,,,
,,,
,,,
,,,
,,,
,,,
,,,
,,,
,,,
,,,
,,,
,,,
,,,
,,,
,,,
,,,
,,,
,,,
,,,
,,,
,,,
,,,
,,,
,,,
,,,
,,,
,,,
,,,
,,,
,,,
,,,
,,,
,,,
,,,
,,,
,,,
,,,
,,,
,,,
,,,
,,,
,,,
,,,
,,,
,,,
,,,
,,,
,,,
,,,
,,,
,,,
,,,
,,,
,,,
,,,
,,,
,,,
,,,
,,,
,,,
,,,
,,,
,,,
,,,
,,,
,,,
,,,
,,,
,,,
,,,
,,,
,,,
,,,
,,,
,,,
,,,
,,,
,,,
,,,
,,,
,,,
,,,
,,,
,,,
,,,
,,,
,,,
,,,
,,,
,,,
,,,
,,,
,,,
,,,
,,,
,,,
,,,
,,,
,,,
,,,
,,,
,,,
,,,
,,,
,,,
,,,
,,,
,,,
,,,
,,,
,,,
,,,
,,,
,,,
,,,
,,,
,,,
,,,
,,,
,,,
,,,
,,,
,,,
,,,
,,,
,,,
,,,
,,,
,,,
,,,
,,,
,,,
,,,
,,,
,,,
,,,
,,,
,,,
,,,
,,,
,,,
,,,
,,,
,,,
,,,
,,,
,,,
,,,
,,,
,,,
,,,
,,,
,,,
,,,
,,,
,,,
,,,
,,,
,,,
,,,
,,,
,,,
,,,
,,,
,,,
,,,
,,,
,,,
,,,
,,,
,,,
,,,
,,,
,,,
,,,
,,,
,,,
,,,
,,,
,,,
,,,
,,,
,,,
,,,
,,,
,,,
,,,
,,,
,,,
,,,
,,,
,,,
,,,
,,,
,,,
,,,
,,,
,,,
,,,
,,,
,,,
,,,
,,,
,,,
,,,
,,,
,,,
,,,
,,,
,,,
,,,
,,,
,,,
,,,
,,,
,,,
,,,
,,,
,,,
,,,
,,,
,,,
,,,
,,,
,,,
,,,
,,,
,,,
,,,
,,,
,,,
,,,
,,,
,,,
,,,
,,,
,,,
,,,
,,,
,,,
,,,
,,,
,,,
,,,
,,,
,,,
,,,
,,,
,,,
,,,
,,,
,,,
,,,
,,,
,,,
,,,
,,,
,,,
,,,
,,,
,,,
,,,
,,,
,,,
,,,
,,,
,,,
,,,
,,,
,,,
,,,
,,,
,,,
,,,
,,,
,,,
,,,
,,,
,,,
,,,
,,,
,,,
,,,
,,,
,,,
,,,
,,,
,,,
,,,
,,,
,,,
,,,
,,,
,,,
,,,
,,,
,,,
,,,
,,,
,,,
,,,
,,,
,,,
,,,
,,,
,,,
,,,
,,,
,,,
,,,
,,,
,,,
,,,
,,,
,,,
,,,
,,,
,,,
,,,
,,,
,,,
,,,
,,,
,,,
,,,
,,,
,,,
,,,
,,,
,,,
,,,
,,,
,,,
,,,
,,,
,,,
,,,
,,,
,,,
,,,
,,,
,,,
,,,
,,,
,,,
,,,
,,,
,,,
,,,
,,,
,,,
,,,
,,,
,,,
,,,
,,,
,,,
,,,
,,,
,,,
,,,
,,,
,,,
,,,
,,,
,,,
,,,
,,,
,,,
,,,
,,,
,,,
,,,
,,,
,,,
,,,
,,,
,,,
,,,
,,,
,,,
,,,
,,,
,,,
,,,
,,,
,,,
,,,
,,,
,,,
,,,
,,,
,,,
,,,
,,,
,,,
,,,
,,,
,,,
,,,
,,,
,,,
,,,
,,,
,,,
,,,
,,,
,,,
,,,
,,,
,,,
,,,
,,,
,,,
,,,
,,,
,,,
,,,
,,,
,,,
,,,
,,,
,,,
,,,
,,,
,,,
,,,
,,,
,,,
,,,
,,,
,,,
,,,
,,,
,,,
,,,
,,,
,,,
,,,
,,,
,,,
,,,
,,,
BSLCK-C17,,4,26
BSLCK-C17,,4,26
BSLCK-C17,,4,23
BSLCK-C17,,4,23
BSLCK-C17,,4,20
BSLCK-C17,,4,20
BSLCK-C17,,4,19
BSLCK-C17,,4,25
BSLCK-C17,,4,49
BSLCK-C17,,4,23
BSLCK-C17,,4,28
BSLCK-C17,,4,23
BSLCK-C13,,9,103
BSLCK-C13,,9,100
BSLCK-C13,,9,108
BSLCK-C13,,9,108
BSLCK-C13,,9,100
BSLCK-C13,,9,100
BSLCK-C13,,9,100
BSLCK-C13,,9,104
BSLCK-C13,,9,100
BSLCK-C13,,9,100
BSLCK-C13,,9,100
BSLCK-C13,,9,100
CONTROL-C2,,5,60
CONTROL-C2,,5,60
CONTROL-C2,,5,60
CONTROL-C2,,5,60
CONTROL-C2,,5,60
CONTROL-C2,,5,60
DENALI-C39,,11,125
DENALI-C39,,11,131
DENALI-C39,,11,77
F40-C25,,9,93
F40-C25,,9,82
F40-C25,,9,82
F40-C25,,9,100
F40-C25,,9,82
F40-C25,,9,82
F40-C25,,9,87
F40-C25,,9,82
F40-C25,,9,82
F51-C22,,9,121
F51-C22,,9,108
F51-C22,,9,101
F51-C22,,9,100
F51-C22,,9,112
F51-C22,,9,108
F51-C22,,9,111
F51-C22,,9,111
F51-C22,,9,111
FB-C21,,13,129
FB-C37,,9,65
FB-C37,,9,61
FB-C37,,9,83
FB-C37,,5,54
FB-C37,,5,50
FB-C37,,5,69
FCUST-C29,,7,54
FCUST-C29,,7,54
FCUST-C29,,7,62
FCUST-C29,,7,148
FCUST-C29,,7,123
FCUST-C29,,7,141
FCUST-C29,,7,135
FCUST-C29,,7,130
FCUST-C28,,2,28
FCUST-C28,,2,31
FCUST-C28,,2,47
FCUST-C28,,2,84
FCUST-C28,,2,69
FCUST-C28,,2,58
FCUST-C28,,2,58
FCUST-C28,,2,53
FG-C18,,4,69
FG-C18,,4,68
FG-C188,,4,61
FG-C188,,4,45
HIOC-C34,,5,74
HIOC-C34,,5,67
HIOC-C34,,5,170
HIOC-C34,,5,255
HIOC-C34,,5,181
HIOC-C34,,5,127
HIOC-C34,,5,211
HIOC-C34,,5,161
FCUST-C28,,4,36
FCUST-C28,,4,36
FCUST-C28,,4,47
FCUST-C28,,4,46
FCUST-C28,,4,57
FCUST-C28,,4,57
FCUST-C28,,4,53
FCUST-C28,,4,89
FCUST-C28,,4,36
FGRIP-C11,,7,81
FGRIP-C11,,7,63
FGRIP-C11,,7,77
FGRIP-C11,,7,78
FGRIP-C11,,7,55
NEXIA-C3,,6,21
NEXIA-C3,,6,26
NEXIA-C3,,6,26
NEXIA-C3,,11,95
NEXIA-C3,,11,94
SENSE-C9,,5,68
SENSE-C9,,5,68
SENSE-C9,,5,50
SENSE-C9,,5,50
SENSE-C9,,5,50
CONNECTC31,,9,85
CONNECTC31,,9,85
CONNECTC31,,9,85
CONNECTC31,,9,85
CONNECTC31,,9,85
BSLCK-C17,,9,103
BSLCK-C17,,9,100
BSLCK-C17,,9,108
BSLCK-C17,,9,108
BSLCK-C17,,9,100
BSLCK-C17,,9,100
BSLCK-C17,,9,100
BSLCK-C17,,9,104
BSLCK-C17,,9,100
BSLCK-C17,,9,100
BSLCK-C17,,9,100
BSLCK-C17,,9,100
,,,
,,,
,,,
,,,
,,,
,,,
,,,
,,,
,,,
,,,
,,,
,,,
,,,
,,,
,,,
,,,
,,,
,,,
,,,
,,,
,,,
,,,
,,,
,,,
,,,
,,,
,,,
,,,
,,,
,,,
,,,
,,,
,,,
,,,
,,,
,,,
,,,
,,,
,,,
,,,
,,,
,,,
,,,
,,,
,,,
,,,
,,,
,,,
,,,
,,,
,,,
,,,
,,,
,,,
,,,
,,,
,,,
,,,
,,,
,,,
,,,
,,,
,,,
,,,
,,,
,,,
,,,
,,,
,,,
,,,
,,,
,,,
,,,
,,,
,,,
,,,
,,,
,,,
,,,
,,,
,,,
,,,
,,,
,,,
,,,
,,,
,,,
,,,
,,,
,,,
,,,
,,,
,,,
,,,
,,,
,,,
,,,
,,,
,,,
,,,
,,,
,,,
,,,
,,,
,,,
,,,
,,,
,,,
,,,
,,,
,,,
,,,
,,,
,,,
,,,
,,,
,,,
,,,
,,,
,,,
,,,
,,,
,,,
,,,
,,,
,,,
,,,
,,,
,,,
,,,
,,,
,,,
,,,
,,,
,,,
,,,
,,,
,,,
,,,
,,,
,,,
,,,
,,,
,,,
,,,
,,,
,,,
,,,
,,,
,,,
,,,
,,,
,,,
,,,
,,,
,,,
,,,
,,,
,,,
,,,
,,,
,,,
,,,
,,,
,,,
,,,
,,,
,,,
,,,
,,,
,,,
,,,
,,,
,,,
,,,
,,,
,,,
,,,
,,,
,,,
,,,
,,,
,,,
,,,
,,,
,,,
,,,
,,,
,,,
,,,
,,,
,,,
,,,
,,,
,,,
,,,
,,,
,,,
,,,
,,,
,,,
,,,
,,,
,,,
,,,
,,,
,,,
,,,
,,,
,,,
,,,
,,,
,,,
,,,
,,,
,,,
,,,
,,,
,,,
,,,
,,,
,,,
,,,
,,,
,,,
,,,
,,,
,,,
,,,
,,,
,,,
,,,
,,,
,,,
,,,
,,,
,,,
,,,
,,,
,,,
,,,
,,,
,,,
,,,
,,,
,,,
,,,
,,,
,,,
,,,
,,,
,,,
,,,
,,,
,,,
,,,
,,,
,,,
,,,
,,,
,,,
,,,
,,,
,,,
,,,
,,,
,,,
,,,
,,,
,,,
,,,
,,,
,,,
,,,
,,,
,,,
,,,
,,,
,,,
,,,
,,,
,,,
,,,
,,,
,,,
,,,
,,,
,,,
,,,
,,,
,,,
,,,
,,,
,,,
,,,
,,,
,,,
,,,
,,,
,,,
,,,
,,,
,,,
,,,
,,,
,,,
,,,
,,,
,,,
,,,
,,,
,,,
,,,
,,,
,,,
,,,
,,,
,,,
,,,
,,,
,,,
,,,
,,,
,,,
,,,
,,,
,,,
,,,
,,,
,,,
,,,
,,,
,,,
,,,
,,,
,,,
,,,
,,,
,,,
,,,
,,,
,,,
,,,
,,,
,,,
,,,
,,,
,,,
,,,
,,,
,,,
,,,
,,,
,,,
,,,
,,,
,,,
,,,
,,,
,,,
,,,
,,,
,,,
,,,
,,,
,,,
,,,
,,,
,,,
,,,
,,,
,,,
,,,
,,,
,,,
,,,
,,,
,,,
,,,
,,,
,,,
,,,
,,,
,,,
,,,
,,,
,,,
,,,
,,,
,,,
,,,
,,,
,,,
,,,
,,,
,,,
,,,
,,,
,,,
,,,
,,,
,,,
,,,
,,,
,,,
,,,
,,,
,,,
,,,
,,,
,,,
,,,
,,,
,,,
,,,
,,,
,,,
,,,
,,,
,,,
,,,
,,,
,,,
,,,
,,,
,,,
,,,
,,,
,,,
,,,
,,,
,,,
,,,
,,,
,,,
,,,
,,,
,,,
,,,
,,,
,,,
,,,
,,,
,,,
,,,
,,,
,,,
,,,
,,,
,,,
,,,
,,,
,,,
,,,
,,,
,,,
,,,
,,,
,,,
,,,
,,,
,,,
,,,
,,,
,,,
,,,
,,,
,,,
,,,
,,,
,,,
,,,
,,,
,,,
,,,
,,,
,,,
,,,
,,,
,,,
,,,
,,,
,,,
,,,
,,,
,,,
,,,
,,,
,,,
,,,
,,,
,,,
,,,
,,,
,,,
,,,
,,,
,,,
,,,
,,,
,,,
,,,
,,,
,,,
,,,
,,,
,,,
,,,
,,,
,,,
,,,
,,,
,,,
,,,
,,,
,,,
,,,
,,,
,,,
,,,
,,,
,,,
,,,
,,,
,,,
,,,
,,,
,,,
,,,
,,,
,,,
,,,
,,,
,,,
,,,
,,,
,,,
,,,
,,,
,,,
,,,
,,,
,,,
,,,
,,,
,,,
,,,
,,,
,,,
,,,
,,,
,,,
,,,
,,,
,,,
,,,
,,,
,,,
,,,
,,,
,,,
,,,
,,,
,,,
,,,
,,,
,,,
,,,
,,,
,,,
,,,
,,,
,,,
,,,
,,,
,,,
,,,
,,,
,,,
,,,
,,,
,,,
,,,
,,,
,,,
,,,
,,,
,,,
,,,
,,,
,,,
,,,
,,,
,,,
,,,
,,,
,,,
,,,
,,,
,,,
,,,
,,,
,,,
,,,
,,,
,,,
,,,
,,,
,,,
,,,
,,,
,,,
,,,
,,,
,,,
,,,
,,,
,,,
,,,
,,,
,,,
,,,
,,,
,,,
,,,
,,,
,,,
,,,
,,,
,,,
,,,
,,,
,,,
,,,
,,,
,,,
,,,
,,,
,,,
,,,
,,,
,,,
,,,
,,,
,,,
,,,
,,,
,,,
,,,
,,,
,,,
,,,
,,,
,,,
,,,
,,,
,,,
,,,
,,,
,,,
,,,
,,,
,,,
,,,
,,,
,,,
,,,
,,,
,,,
,,,
,,,
,,,
,,,
,,,
,,,
,,,
,,,
,,,
,,,
,,,
,,,
,,,
,,,
,,,
,,,
,,,
,,,
,,,
,,,
,,,
,,,
,,,
,,,
,,,
,,,
,,,
,,,
,,,
,,,
,,,
,,,
,,,
,,,
,,,
,,,
,,,
,,,
,,,
,,,
,,,
,,,
,,,
,,,
,,,
,,,
,,,
,,,
,,,
,,,
,,,
,,,
,,,
,,,
,,,
,,,
,,,
,,,
,,,
,,,
,,,
,,,
,,,
,,,
,,,
,,,
,,,
,,,
,,,
,,,
,,,
,,,
,,,
,,,
,,,
,,,
,,,
,,,
,,,
,,,
,,,
,,,
,,,
,,,
,,,
,,,
,,,
,,,
,,,
,,,
,,,
,,,
,,,
,,,
,,,
,,,
,,,
,,,
,,,
,,,
,,,
,,,
,,,
,,,
,,,
,,,
,,,
,,,
,,,
,,,
,,,
,,,
,,,
,,,
,,,
,,,
,,,
,,,
,,,
,,,
,,,
,,,
,,,
,,,
,,,
,,,
,,,
,,,
,,,
,,,
,,,
,,,
,,,
,,,
,,,
,,,
,,,
,,,
,,,
,,,
,,,
,,,
,,,
,,,
,,,
,,,
,,,
,,,
,,,
,,,
,,,
,,,
,,,
,,,
,,,
,,,
,,,
,,,
,,,
,,,
,,,
,,,
,,,
,,,
,,,
,,,
,,,
,,,
,,,
,,,
,,,
,,,
,,,
,,,
,,,
,,,
,,,
,,,
,,,
,,,
,,,
,,,
,,,
,,,
,,,
,,,
,,,
,,,
,,,
,,,
,,,
,,,
,,,
,,,
,,,
,,,
,,,
,,,
,,,
,,,
,,,
,,,
,,,
,,,
,,,
,,,
,,,
,,,
,,,
,,,
,,,
,,,
,,,
,,,
,,,
,,,
,,,
,,,
,,,
,,,
,,,
,,,
,,,
,,,
,,,
,,,
,,,
,,,
,,,
,,,
,,,
,,,
,,,
,,,
,,,
,,,
,,,
,,,
,,,
,,,
,,,
,,,
,,,
,,,
,,,
,,,
,,,
,,,
,,,
,,,
,,,
,,,
,,,
,,,
,,,
,,,
,,,
,,,
,,,
,,,
,,,
,,,
,,,
,,,
,,,
,,,
,,,
,,,
,,,
,,,
,,,
,,,
,,,
,,,
,,,
,,,
,,,
,,,
,,,
,,,
,,,
,,,
,,,
,,,
,,,
,,,
,,,
,,,
,,,
,,,
,,,
,,,
,,,
,,,
,,,
,,,
,,,
,,,
,,,
,,,
,,,
,,,
,,,
,,,
,,,
,,,
,,,
,,,
,,,
,,,
,,,
,,,
,,,
,,,
,,,
,,,
,,,
,,,
,,,
,,,
,,,
,,,
,,,
,,,
,,,
,,,
,,,
,,,
,,,
,,,
,,,
,,,
,,,
,,,
,,,
,,,
,,,
,,,
,,,
,,,
,,,
,,,
,,,
,,,
,,,
,,,
,,,
,,,
,,,
,,,
,,,
,,,
,,,
,,,
,,,
,,,
,,,
,,,
,,,
,,,
,,,
,,,
,,,
,,,
,,,
,,,
,,,
,,,
,,,
,,,
,,,
,,,
,,,
,,,
,,,
,,,
,,,
,,,
,,,
,,,
,,,
,,,
,,,
,,,
,,,
,,,
,,,
,,,
,,,
,,,
,,,
,,,
,,,
,,,
,,,
,,,
,,,
,,,
,,,
,,,
,,,
,,,
,,,
,,,
,,,
,,,
,,,
,,,
,,,
,,,
,,,
,,,
,,,
,,,
,,,
,,,
,,,
,,,
,,,
,,,
,,,
,,,
,,,
,,,
,,,
,,,
,,,
,,,
,,,
,,,
,,,
,,,
,,,
,,,
CONTROL-C2,,5,60
CONTROL-C2,,5,60
CONTROL-C2,,5,60
CONTROL-C2,,5,60
CONTROL-C2,,5,60
CONTROL-C2,,5,60
FCUST-C29,,5,213
FCUST-C29,,5,87
FCUST-C29,,5,249
FCUST-C29,,5,200
FCUST-C29,,5,149
FCUST-C29,,5,78
FCUST-C29,,5,190
FCUST-C29,,5,300
FCUST-C29,,5,111
FCUST-C29,,5,45
FCUST-C29,,5,41
FCUST-C29,,5,52
FCUST-C29,,5,124
FCUST-C29,,5,107
FCUST-C29,,5,106
FCUST-C29,,5,113
FCUST-C29,,5,109
FCUST-C28,,4,50
FCUST-C28,,4,50
FCUST-C28,,4,58
FCUST-C28,,4,57
FCUST-C28,,4,70
FCUST-C28,,4,70
FCUST-C28,,4,74
FCUST-C28,,4,122
FCUST-C28,,4,49
SENSE-C9,,5,68
SENSE-C9,,5,68
DENALI-C39,,14,158
DENALI-C39,,14,179
DENALI-C39,,14,105
FG-C10,,12,95
FG-C10,,12,97
FG-C10,,12,97
FG-C10,,12,95
FG-C10,,12,97
NEXIA-C3,,11,95
NEXIA-C3,,11,94
HIOC-C34,,2,22
HIOC-C34,,2,38
HIOC-C34,,2,44
HIOC-C34,,2,45
HIOC-C34,,2,43
HIOC-C34,,2,43
HIOC-C34,,2,46
HIOC-C34,,2,51
HIOC-C34,,2,48
HIOC-C34,,2,55
HIOC-C34,,2,57
HIOC-C34,,2,44
HIOC-C34,,2,48
HIOC-C34,,2,51
BSLCK-C13,,9,100
BSLCK-C13,,9,100
BSLCK-C13,,9,106
BSLCK-C13,,9,106
BSLCK-C13,,9,100
BSLCK-C13,,9,100
BSLCK-C13,,9,100
BSLCK-C13,,9,100
BSLCK-C13,,9,100
BSLCK-C13,,9,100
BSLCK-C13,,9,100
BSLCK-C13,,9,100
F51-C22,,9,121
F51-C22,,9,100
F51-C22,,9,104
F51-C22,,9,128
F51-C22,,9,124
F51-C22,,9,100
F51-C22,,9,111
F51-C22,,9,111
F51-C22,,9,111
FB-C37,,9,69
FB-C37,,9,64
FGRIP-C11,,12,110
FB-C37,,9,88
F40-C25,,9,89
F40-C25,,9,82
F40-C25,,9,82
F40-C25,,9,113
F40-C25,,9,82
F40-C25,,9,82
F40-C25,,9,87
F40-C25,,9,82
F40-C25,,9,82
CONNECTC31,,5,36
CONNECTC31,,5,36
CONNECTC31,,5,36
CONNECTC31,,5,40
CONNECTC31,,5,47
CONNECTC31,,5,49
SENSE-C9,,5,50
SENSE-C9,,5,50
SENSE-C9,,5,50
TOUCH-C12,,16,127
TOUCH-C12,,16,123
TOUCH-C12,,16,123
TOUCH-C12,,16,128
TOUCH-C12,,16,117
TOUCH-C12,,16,118
CONTROL-C2,,5,60
CONTROL-C2,,5,60
CONTROL-C2,,5,60
CONTROL-C2,,5,60
CONTROL-C2,,5,60
CONTROL-C2,,5,60
FCUST-C29,,5,213
FCUST-C29,,5,87
FCUST-C29,,5,249
FCUST-C29,,5,200
FCUST-C29,,5,149
FCUST-C29,,5,78
FCUST-C29,,5,190
FCUST-C29,,5,300
FCUST-C29,,5,111
FCUST-C29,,5,45
FCUST-C29,,5,41
FCUST-C29,,5,52
FCUST-C29,,5,124
FCUST-C29,,5,107
FCUST-C29,,5,106
FCUST-C29,,5,113
FCUST-C29,,5,109
FCUST-C28,,4,50
FCUST-C28,,4,50
FCUST-C28,,4,58
FCUST-C28,,4,57
FCUST-C28,,4,70
FCUST-C28,,4,70
FCUST-C28,,4,74
FCUST-C28,,4,122
FCUST-C28,,4,49
SENSE-C9,,5,68
SENSE-C9,,5,68
DENALI-C39,,14,158
DENALI-C39,,14,179
DENALI-C39,,14,105
FG-C10,,12,95
FG-C10,,12,97
FG-C10,,12,97
FG-C10,,12,95
FG-C10,,12,97
NEXIA-C3,,11,95
NEXIA-C3,,11,94
HIOC-C34,,2,22
HIOC-C34,,2,38
HIOC-C34,,2,44
HIOC-C34,,2,45
HIOC-C34,,2,43
HIOC-C34,,2,43
HIOC-C34,,2,46
HIOC-C34,,2,51
HIOC-C34,,2,48
HIOC-C34,,2,55
HIOC-C34,,2,57
HIOC-C34,,2,44
HIOC-C34,,2,48
HIOC-C34,,2,51
BSLCK-C13,,9,100
BSLCK-C13,,9,100
BSLCK-C13,,9,106
BSLCK-C13,,9,106
BSLCK-C13,,9,100
BSLCK-C13,,9,100
BSLCK-C13,,9,100
BSLCK-C13,,9,100
BSLCK-C13,,9,100
BSLCK-C13,,9,100
BSLCK-C13,,9,100
BSLCK-C13,,9,100
F51-C22,,9,121
F51-C22,,9,100
F51-C22,,9,104
F51-C22,,9,128
F51-C22,,9,124
F51-C22,,9,100
F51-C22,,9,111
F51-C22,,9,111
F51-C22,,9,111
FB-C37,,9,69
FB-C37,,9,64
FGRIP-C11,,12,110
FB-C37,,9,88
F40-C25,,8,89
F40-C25,,8,82
F40-C25,,8,82
F40-C25,,8,113
F40-C25,,8,82
F40-C25,,8,82
F40-C25,,8,87
F40-C25,,8,82
F40-C25,,8,82
CONNECTC31,,5,36
CONNECTC31,,5,36
CONNECTC31,,5,36
CONNECTC31,,5,40
CONNECTC31,,5,47
CONNECTC31,,5,49
SENSE-C9,,5,50
SENSE-C9,,5,50
SENSE-C9,,5,50
TOUCH-C12,,16,127
TOUCH-C12,,16,123
TOUCH-C12,,16,123
TOUCH-C12,,16,128
TOUCH-C12,,16,117
TOUCH-C12,,16,118
F40-C25,,8,89
F40-C25,,8,82
F40-C25,,8,82
F40-C25,,8,113
F40-C25,,8,82
F40-C25,,8,82
F40-C25,,8,87
F40-C25,,8,82
F40-C25,,8,82
F40-C26,,8,89
F40-C23,,8,89
,,,
,,,
CONTROL-C2,,5,60
CONTROL-C2,,5,60
CONTROL-C2,,5,60
CONTROL-C2,,5,60
CONTROL-C2,,5,60
CONTROL-C2,,5,60
FCUST-C29,,7,213
FCUST-C29,,7,87
FCUST-C29,,7,249
FCUST-C29,,7,200
FCUST-C29,,7,149
FCUST-C29,,7,78
FCUST-C29,,7,190
FCUST-C29,,7,300
FCUST-C29,,7,111
FCUST-C29,,7,52
FCUST-C29,,7,52
FCUST-C29,,7,60
FCUST-C29,,7,143
FCUST-C29,,7,111
FCUST-C29,,7,136
FCUST-C29,,7,130
FCUST-C29,,7,126
FCUST-C28,,4,50
FCUST-C28,,4,50
FCUST-C28,,4,58
FCUST-C28,,4,57
FCUST-C28,,4,70
FCUST-C28,,4,70
FCUST-C28,,4,74
FCUST-C28,,4,122
FCUST-C28,,4,49
SENSE-C9,,5,68
SENSE-C9,,5,68
DENALI-C39,,14,158
DENALI-C39,,14,179
DENALI-C39,,14,105
FG-C10,,12,95
FG-C10,,12,97
FG-C10,,12,97
FG-C10,,12,95
FG-C10,,12,97
NEXIA-C3,,11,95
NEXIA-C3,,11,94
HIOC-C34,,2,22
HIOC-C34,,2,38
HIOC-C34,,2,44
HIOC-C34,,2,45
HIOC-C34,,2,43
HIOC-C34,,2,43
HIOC-C34,,2,46
HIOC-C34,,2,51
HIOC-C34,,2,48
HIOC-C34,,2,55
HIOC-C34,,2,57
HIOC-C34,,2,44
HIOC-C34,,2,48
HIOC-C34,,2,51
BSLCK-C13,,9,100
BSLCK-C13,,9,100
BSLCK-C13,,9,106
BSLCK-C13,,9,106
BSLCK-C13,,9,100
BSLCK-C13,,9,100
BSLCK-C13,,9,100
BSLCK-C13,,9,100
BSLCK-C13,,9,100
BSLCK-C13,,9,100
BSLCK-C13,,9,100
BSLCK-C13,,9,100
F51-C22,,9,121
F51-C22,,9,100
F51-C22,,9,104
F51-C22,,9,128
F51-C22,,9,124
F51-C22,,9,100
F51-C22,,9,111
F51-C22,,9,111
F51-C22,,9,111
FB-C37,,9,69
FB-C37,,9,64
FGRIP-C11,,12,110
FB-C37,,9,88
F40-C25,,8,89
F40-C25,,8,82
F40-C25,,8,82
F40-C25,,8,113
F40-C25,,8,82
F40-C25,,8,82
F40-C25,,8,87
F40-C25,,8,82
F40-C25,,8,82
CONNECTC31,,5,36
CONNECTC31,,5,36
CONNECTC31,,5,36
CONNECTC31,,5,40
CONNECTC31,,5,47
CONNECTC31,,5,49
SENSE-C9,,5,50
SENSE-C9,,5,50
SENSE-C9,,5,50
TOUCH-C12,,16,127
TOUCH-C12,,16,123
TOUCH-C12,,16,123
TOUCH-C12,,16,128
TOUCH-C12,,16,117
TOUCH-C12,,16,118
F40-C25,,8,89
F40-C25,,8,82
F40-C25,,8,82
F40-C25,,8,113
F40-C25,,8,82
F40-C25,,8,82
F40-C25,,8,87
F40-C25,,8,82
F40-C25,,8,82
F40-C26,,8,89
F40-C23,,8,89
HIOC-C34,,3,107
HIOC-C34,,3,44
HIOC-C34,,3,126
HIOC-C34,,3,101
HIOC-C34,,3,75
HIOC-C34,,3,40
HIOC-C34,,3,96
HIOC-C34,,3,151
HIOC-C34,,3,56
HIOC-C34,,3,29
HIOC-C34,,3,69
HIOC-C34,,3,77
HIOC-C34,,3,79
HIOC-C34,,3,69
HIOC-C34,,3,69
HIOC-C34,,3,69
HIOC-C34,,3,76
HIOC-C34,,3,73
HIOC-C34,,3,84
HIOC-C34,,3,78
HIOC-C34,,3,61
HIOC-C34,,3,60
HIOC-C34,,3,64
NEXIA-C3,,9,83
CONTROL-C2,,5,60
CONTROL-C2,,5,60
CONTROL-C2,,5,60
CONTROL-C2,,5,60
CONTROL-C2,,5,60
CONTROL-C2,,5,60
HIOC-C34,,5,140
HIOC-C34,,5,79
HIOC-C34,,5,140
HIOC-C34,,5,180
HIOC-C34,,5,134
HIOC-C34,,5,71
HIOC-C34,,5,171
HIOC-C34,,5,270
HIOC-C34,,5,100
FCUST-C29,,7,54
FCUST-C29,,7,54
FCUST-C29,,7,62
FCUST-C29,,7,148
FCUST-C29,,7,123
FCUST-C29,,7,141
FCUST-C29,,7,135
FCUST-C29,,7,130
SENSE-C9,,5,68
SENSE-C9,,5,68
DENALI-C39,,11,125
DENALI-C39,,11,131
DENALI-C39,,11,77
NEXIA-C3,,11,95
NEXIA-C3,,11,94
BSLCK-C13,,9,100
BSLCK-C13,,9,100
BSLCK-C13,,9,106
BSLCK-C13,,9,106
BSLCK-C13,,9,100
BSLCK-C13,,9,100
BSLCK-C13,,9,100
BSLCK-C13,,9,100
BSLCK-C13,,9,100
BSLCK-C13,,9,100
BSLCK-C13,,9,100
BSLCK-C13,,9,100
F51-C22,,9,121
F51-C22,,9,100
F51-C22,,9,104
F51-C22,,9,128
F51-C22,,9,124
F51-C22,,9,100
F51-C22,,9,111
F51-C22,,9,111
F51-C22,,9,111
FB-C37,,9,69
FB-C37,,9,64
FGRIP-C11,,12,112
FB-C37,,9,88
F40-C25,,9,89
F40-C25,,9,82
F40-C25,,9,82
F40-C25,,9,113
F40-C25,,9,82
F40-C25,,9,82
F40-C25,,9,87
F40-C25,,9,82
F40-C25,,9,82
F40-C26,,8,89
F40-C26,,8,89
F40-C23,,8,89
F40-C23,,8,89
SENSE-C9,,5,50
SENSE-C9,,5,50
SENSE-C9,,5,50
TOUCH-C12,,16,127
TOUCH-C12,,16,123
TOUCH-C12,,16,123
TOUCH-C12,,16,128
TOUCH-C12,,16,117
TOUCH-C12,,16,118
F40-C23,,8,108
F40-C25,,9,108
F40-C32,,8,108
FB-C21,,13,129
CONTROL-C2,,5,60
CONTROL-C2,,5,60
CONTROL-C2,,5,60
CONTROL-C2,,5,60
CONTROL-C2,,5,60
CONTROL-C2,,5,60
FCUST-C29,,5,213
FCUST-C29,,5,87
FCUST-C29,,5,249
FCUST-C29,,5,200
FCUST-C29,,5,149
FCUST-C29,,5,78
FCUST-C29,,5,190
FCUST-C29,,5,300
FCUST-C29,,5,111
HIOC-C34,,5,192
HIOC-C34,,5,79
HIOC-C34,,5,224
HIOC-C34,,5,180
HIOC-C34,,5,134
HIOC-C34,,5,71
HIOC-C34,,5,171
HIOC-C34,,5,270
HIOC-C34,,5,100
FCUST-C29,,5,54
FCUST-C29,,5,54
FCUST-C29,,5,62
FCUST-C29,,5,148
FCUST-C29,,5,123
FCUST-C29,,5,141
FCUST-C29,,5,135
FCUST-C29,,5,130
FCUST-C28,,4,50
FCUST-C28,,4,50
FCUST-C28,,4,58
FCUST-C28,,4,57
FCUST-C28,,4,70
FCUST-C28,,4,70
FCUST-C28,,4,74
FCUST-C28,,4,122
FCUST-C28,,4,49
SENSE-C9,,5,68
SENSE-C9,,5,68
DENALI-C39,,14,158
DENALI-C39,,14,179
DENALI-C39,,14,105
FG-C10,,12,95
FG-C10,,12,97
FG-C10,,12,97
FG-C10,,12,95
FG-C10,,12,97
NEXIA-C3,,11,95
NEXIA-C3,,11,94
BSLCK-C13,,9,100
BSLCK-C13,,9,100
BSLCK-C13,,9,106
BSLCK-C13,,9,106
BSLCK-C13,,9,100
BSLCK-C13,,9,100
BSLCK-C13,,9,100
BSLCK-C13,,9,100
BSLCK-C13,,9,100
BSLCK-C13,,9,100
BSLCK-C13,,9,100
BSLCK-C13,,9,100
F51-C22,,9,121
F51-C22,,9,100
F51-C22,,9,104
F51-C22,,9,128
F51-C22,,9,124
F51-C22,,9,100
F51-C22,,9,111
F51-C22,,9,111
F51-C22,,9,111
FB-C37,,9,69
FB-C37,,9,64
FGRIP-C11,,12,112
FB-C37,,9,88
F40-C25,,9,89
F40-C25,,9,82
F40-C25,,9,82
F40-C25,,9,113
F40-C25,,9,82
F40-C25,,9,82
F40-C25,,9,87
F40-C25,,9,82
F40-C25,,9,82
F40-C26,,8,89
F40-C26,,8,89
F40-C23,,8,89
F40-C23,,8,89
CONNECT-C31,,5,36
CONNECT-C31,,5,36
CONNECT-C31,,5,36
CONNECT-C31,,5,40
CONNECT-C31,,5,47
CONNECT-C31,,5,49
SENSE-C9 ,,5,50
SENSE-C9 ,,5,50
SENSE-C9 ,,5,50
TOUCH-C12,,16,127
TOUCH-C12,,16,123
TOUCH-C12,,16,123
TOUCH-C12,,16,128
TOUCH-C12,,16,117
TOUCH-C12,,16,118
TOUCH-C12,,16,118
F40-C25,,9,89
F40-C25,,9,82
F40-C25,,9,82
F40-C25,,9,113
F40-C25,,9,82
F40-C25,,9,82
F40-C25,,9,87
F40-C25,,9,82
F40-C25,,9,82
F40-C26,,8,89
F40-C23,,8,89
HIOC-C34,,3,107
HIOC-C34,,3,44
HIOC-C34,,3,126
HIOC-C34,,3,101
HIOC-C34,,3,75
HIOC-C34,,3,40
HIOC-C34,,3,96
HIOC-C34,,3,151
HIOC-C34,,3,56
HIOC-C34,,3,29
HIOC-C34,,3,69
HIOC-C34,,3,77
HIOC-C34,,3,79
HIOC-C34,,3,69
HIOC-C34,,3,69
HIOC-C34,,3,69
HIOC-C34,,3,76
HIOC-C34,,3,73
HIOC-C34,,3,84
HIOC-C34,,3,78
HIOC-C34,,3,61
HIOC-C34,,3,60
HIOC-C34,,3,64
CONTROL-C2,,5,60
CONTROL-C2,,5,60
CONTROL-C2,,5,60
CONTROL-C2,,5,60
CONTROL-C2,,5,60
CONTROL-C2,,5,60
HIOC-C34,,5,192
HIOC-C34,,5,79
HIOC-C34,,5,224
HIOC-C34,,5,180
HIOC-C34,,5,134
HIOC-C34,,5,71
HIOC-C34,,5,171
HIOC-C34,,5,270
HIOC-C34,,9,148
HIOC-C34,,9,137
HIOC-C34,,9,138
HIOC-C34,,9,147
HIOC-C34,,9,148
HIOC-C34,,9,158
HIOC-C34,,9,163
HIOC-C34,,9,133
HIOC-C34,,9,138
HIOC-C34,,9,152
HIOC-C34,,9,140
HIOC-C34,,9,128
HIOC-C34,,9,130
FCUST-C29,,7,214
FCUST-C29,,7,88
FCUST-C29,,7,250
FCUST-C29,,7,201
FCUST-C29,,7,150
FCUST-C29,,7,79
FCUST-C29,,7,191
FCUST-C29,,7,301
HIOC-C34,,5,100
FCUST-C29,,7,54
FCUST-C29,,7,54
FCUST-C29,,7,62
FCUST-C29,,7,148
FCUST-C29,,7,123
FCUST-C29,,7,141
FCUST-C29,,7,135
FCUST-C29,,7,130
FB-C21,,13,129
SENSE-C9,,5,68
SENSE-C9,,5,68
DENALI-C39,,11,125
DENALI-C39,,11,131
DENALI-C39,,11,77
NEXIA-C3,,11,95
NEXIA-C3,,11,94
BSLCK-C13,,9,100
BSLCK-C13,,9,100
BSLCK-C13,,9,106
BSLCK-C13,,9,106
BSLCK-C13,,9,100
BSLCK-C13,,9,100
BSLCK-C13,,9,100
BSLCK-C13,,9,100
BSLCK-C13,,9,100
BSLCK-C13,,9,100
BSLCK-C13,,9,100
BSLCK-C13,,9,100
F51-C22,,9,121
F51-C22,,9,100
F51-C22,,9,104
F51-C22,,9,128
F51-C22,,9,124
F51-C22,,9,100
F51-C22,,9,111
F51-C22,,9,111
F51-C22,,9,111
FB-C37,,9,69
FB-C37,,9,64
FGRIP-C11,,12,112
FB-C37,,9,88
F40-C25,,9,89
F40-C25,,9,82
F40-C25,,9,82
F40-C25,,9,113
F40-C25,,9,82
F40-C25,,9,82
F40-C25,,9,87
F40-C25,,9,82
F40-C25,,9,82
F40-C26,,8,89
F40-C26,,8,89
F40-C23,,8,89
F40-C23,,8,89
SENSE-C9,,5,50
SENSE-C9,,5,50
SENSE-C9,,5,50
TOUCH-C12,,16,127
TOUCH-C12,,16,123
TOUCH-C12,,16,123
TOUCH-C12,,16,128
TOUCH-C12,,16,117
TOUCH-C12,,16,118
,,,
,,,
,,,
,,,
,,,
,,,
,,,
,,,
,,,
,,,
,,,
,,,
,,,
,,,
,,,
,,,
,,,
,,,
,,,
,,,
,,,
,,,
,,,
,,,
,,,
,,,
,,,
,,,
,,,
,,,
,,,
,,,
,,,
,,,
,,,
,,,
,,,
,,,
,,,
,,,
,,,
,,,
,,,
,,,
,,,
,,,
,,,
,,,
,,,
,,,
,,,
,,,
,,,
,,,
,,,
,,,
,,,
,,,
,,,
,,,
,,,
,,,
,,,
,,,
,,,
,,,
,,,
BSLCK-C13,,9,100
BSLCK-C13,,9,100
BSLCK-C13,,9,106
BSLCK-C13,,9,106
BSLCK-C13,,9,100
BSLCK-C13,,9,100
BSLCK-C13,,9,100
BSLCK-C13,,9,100
BSLCK-C13,,9,100
BSLCK-C13,,9,100
BSLCK-C13,,9,100
BSLCK-C13,,9,100
CONTROL-C2,,8,90
CONTROL-C2,,8,90
CONTROL-C2,,8,90
CONTROL-C2,,8,90
CONTROL-C2,,8,90
CONTROL-C2,,8,90
DENALI-C39,,11,125
DENALI-C39,,11,131
DENALI-C39,,11,77
F40-C23,,8,89
F40-C23,,8,89
F40-C25,,9,89
F40-C25,,9,82
F40-C25,,9,82
F40-C25,,9,100
F40-C25,,9,82
F40-C25,,9,82
F40-C25,,9,87
F40-C25,,9,82
F40-C25,,9,82
F40-C26,,8,89
F40-C26,,8,89
F51-C22,,9,121
F51-C22,,9,100
F51-C22,,9,104
F51-C22,,9,128
F51-C22,,9,124
F51-C22,,9,100
F51-C22,,9,111
F51-C22,,9,111
F51-C22,,9,111
FB-C21,,13,129
FB-C37,,9,69
FB-C37,,9,64
FB-C37,,9,88
FCUST-C29,,7,54
FCUST-C29,,7,54
FCUST-C29,,7,62
FCUST-C29,,7,148
FCUST-C29,,7,123
FCUST-C29,,7,141
FCUST-C29,,7,135
FCUST-C29,,7,130
FG-C18,,4,69
FG-C18,,4,68
FG-C188,,4,61
FG-C188,,4,45
HIOC-C34,,3,69
HIOC-C34,,3,77
HIOC-C34,,3,79
HIOC-C34,,3,69
HIOC-C34,,3,69
HIOC-C34,,3,69
HIOC-C34,,3,76
HIOC-C34,,3,73
HIOC-C34,,3,84
HIOC-C34,,3,78
HIOC-C34,,3,61
HIOC-C34,,3,70
HIOC-C34,,3,75
FGRIP-C11,,7,81
FGRIP-C11,,7,63
FGRIP-C11,,7,77
FGRIP-C11,,7,78
NEXIA-C3,,11,95
NEXIA-C3,,11,94
SENSE-C9,,5,68
SENSE-C9,,5,68
SENSE-C9,,5,50
SENSE-C9,,5,50
SENSE-C9,,5,50
FCUST-C28,,2,28
FCUST-C28,,2,31
FCUST-C28,,2,47
FCUST-C28,,2,84
FCUST-C28,,2,69
FCUST-C28,,2,58
FCUST-C28,,2,58
FCUST-C28,,2,53
FGRIP-C11,,7,55
FCUST-C28,,2,23
SENSE-C9,,10,111
SENSE-C9,,10,111
SENSE-C9,,10,111
SENSE-C9,,10,111
SENSE-C9,,10,111
CONTROL-C2,,5,60
CONTROL-C2,,5,60
CONTROL-C2,,5,60
CONTROL-C2,,5,60
CONTROL-C2,,5,60
CONTROL-C2,,5,60
FCUST-C28,,2,69
FCUST-C28,,2,28
FCUST-C28,,2,58
FCUST-C28,,2,47
FCUST-C28,,2,58
FCUST-C28,,2,31
FCUST-C28,,2,53
FCUST-C28,,2,84
FCUST-C28,,2,0
SENSE-C9,,5,68
SENSE-C9,,5,68
DENALI-C39,,11,125
DENALI-C39,,11,131
DENALI-C39,,11,77
FG-C188,,4,56
FG-C188,,4,41
FG-C18,,4,61
FG-C18,,4,61
FG-C10,,12,95
FG-C10,,12,95
FG-C10,,12,95
FG-C10,,12,92
FG-C10,,12,95
NEXIA-C3,,11,95
NEXIA-C3,,11,94
HIOC-C34,,9,90
HIOC-C34,,9,190
HIOC-C34,,9,178
HIOC-C34,,9,178
HIOC-C34,,9,180
HIOC-C34,,9,180
HIOC-C34,,9,180
HIOC-C34,,9,180
HIOC-C34,,9,154
HIOC-C34,,9,154
HIOC-C34,,9,183
HIOC-C34,,9,183
HIOC-C34,,9,177
HIOC-C34,,9,177
BSLCK-C13,,9,100
BSLCK-C13,,9,100
BSLCK-C13,,9,106
BSLCK-C13,,9,106
BSLCK-C13,,9,100
BSLCK-C13,,9,100
BSLCK-C13,,9,100
BSLCK-C13,,9,100
BSLCK-C13,,9,100
BSLCK-C13,,9,100
BSLCK-C13,,9,100
BSLCK-C13,,9,100
F51-C22,,9,121
F51-C22,,9,100
F51-C22,,9,104
F51-C22,,9,128
F51-C22,,9,124
F51-C22,,9,100
F51-C22,,9,111
F51-C22,,9,111
F51-C22,,9,111
FB-C37,,9,75
FB-C37,,9,69
FB-C37,,9,95
TOUCH-C12,,11,89
TOUCH-C12,,11,83
TOUCH-C12,,11,85
TOUCH-C12,,11,90
TOUCH-C12,,11,85
TOUCH-C12,,11,85
CONNECTC31,,12,92
CONNECTC31,,12,92
CONNECTC31,,12,92
SENSE-C9 ,,5,50
SENSE-C9 ,,5,50
SENSE-C9 ,,5,50
CONTROL-C2,,5,60
CONTROL-C2,,5,60
CONTROL-C2,,5,60
CONTROL-C2,,5,60
CONTROL-C2,,5,60
CONTROL-C2,,5,60
FCUST-C28,,2,69
FCUST-C28,,2,28
FCUST-C28,,2,58
FCUST-C28,,2,47
FCUST-C28,,2,58
FCUST-C28,,2,31
FCUST-C28,,2,53
FCUST-C28,,2,84
FCUST-C28,,2,0
SENSE-C9,,5,68
SENSE-C9,,5,68
DENALI-C39,,11,125
DENALI-C39,,11,131
DENALI-C39,,11,77
FG-C188,,4,56
FG-C188,,4,41
FG-C10,,12,95
FG-C10,,12,95
FG-C10,,12,95
FG-C10,,12,92
FG-C10,,12,95
NEXIA-C3,,11,95
NEXIA-C3,,11,94
HIOC-C34,,3,30
HIOC-C34,,3,69
HIOC-C34,,3,77
HIOC-C34,,3,79
HIOC-C34,,3,71
HIOC-C34,,3,71
HIOC-C34,,3,69
HIOC-C34,,3,76
HIOC-C34,,3,73
HIOC-C34,,3,84
HIOC-C34,,3,78
HIOC-C34,,3,61
HIOC-C34,,3,70
HIOC-C34,,3,75
FCUST-C29,,5,47
FCUST-C29,,5,47
FCUST-C29,,5,54
FCUST-C29,,5,124
FCUST-C29,,5,107
FCUST-C29,,5,106
FCUST-C29,,5,113
FCUST-C29,,5,109
BSLCK-C13,,9,100
BSLCK-C13,,9,100
BSLCK-C13,,9,106
BSLCK-C13,,9,106
BSLCK-C13,,9,100
BSLCK-C13,,9,100
BSLCK-C13,,9,100
BSLCK-C13,,9,100
BSLCK-C13,,9,100
BSLCK-C13,,9,100
BSLCK-C13,,9,100
BSLCK-C13,,9,100
F51-C22,,9,121
F51-C22,,9,100
F51-C22,,9,104
F51-C22,,9,128
F51-C22,,9,124
F51-C22,,9,100
F51-C22,,9,111
F51-C22,,9,111
F51-C22,,9,111
FB-C37,,9,75
FB-C37,,9,69
FB-C37,,9,95
TOUCH-C12,,11,89
TOUCH-C12,,11,83
TOUCH-C12,,11,85
TOUCH-C12,,11,90
TOUCH-C12,,11,85
TOUCH-C12,,11,85
CONNECTC31,,12,92
CONNECTC31,,12,92
CONNECTC31,,12,92
SENSE-C9 ,,5,50
SENSE-C9 ,,5,50
SENSE-C9 ,,5,50
BSLCK-C17,,7,92
BSLCK-C17,,7,92
BSLCK-C17,,7,92
BSLCK-C17,,7,92
BSLCK-C17,,7,92
BSLCK-C17,,7,92
BSLCK-C17,,7,92
BSLCK-C17,,7,92
BSLCK-C17,,7,92
BSLCK-C17,,7,92
BSLCK-C17,,7,92
BSLCK-C17,,7,92
KPL-C6,,10,92
KPL-C6,,10,92
,,,
,,,
,,,
,,,
,,,
,,,
,,,
,,,
,,,
,,,
,,,
,,,
,,,
,,,
,,,
,,,
,,,
,,,
,,,
,,,
,,,
,,,
,,,
,,,
,,,
,,,
CONTROL-C2,,5,60
CONTROL-C2,,5,60
CONTROL-C2,,5,60
CONTROL-C2,,5,60
CONTROL-C2,,5,60
CONTROL-C2,,5,60
FCUST-C29,,5,213
FCUST-C29,,5,87
FCUST-C29,,5,249
FCUST-C29,,5,200
FCUST-C29,,5,149
FCUST-C29,,5,78
FCUST-C29,,5,190
FCUST-C29,,5,300
FCUST-C29,,5,111
SENSE-C9,,5,68
SENSE-C9,,5,68
DENALI-C39,,11,125
DENALI-C39,,11,131
DENALI-C39,,11,77
FG-C188,,4,58
FG-C188,,4,42
FG-C18,,4,68
FG-C18,,4,90
FG-C10,,12,95
FG-C10,,12,95
FG-C10,,12,95
FG-C10,,12,95
FG-C10,,12,95
NEXIA-C3,,11,95
NEXIA-C3,,11,94
HIOC-C34,,3,30
HIOC-C34,,3,69
HIOC-C34,,3,77
HIOC-C34,,3,79
HIOC-C34,,3,71
HIOC-C34,,3,71
HIOC-C34,,3,69
HIOC-C34,,3,76
HIOC-C34,,3,73
HIOC-C34,,3,84
HIOC-C34,,3,78
HIOC-C34,,3,61
HIOC-C34,,3,70
HIOC-C34,,3,75
BSLCK-C13,,9,100
BSLCK-C13,,9,100
BSLCK-C13,,9,106
BSLCK-C13,,9,106
BSLCK-C13,,9,100
BSLCK-C13,,9,100
BSLCK-C13,,9,100
BSLCK-C13,,9,100
BSLCK-C13,,9,100
BSLCK-C13,,9,100
BSLCK-C13,,9,100
BSLCK-C13,,9,100
F51-C22,,9,121
F51-C22,,9,100
F51-C22,,9,104
F51-C22,,9,128
F51-C22,,9,124
F51-C22,,9,100
F51-C22,,9,111
F51-C22,,9,111
F51-C22,,9,111
FB-C37,,9,75
FB-C37,,9,69
FB-C37,,9,95
CONNECTC31,,12,92
CONNECTC31,,12,92
CONNECTC31,,12,92
SENSE-C9 ,,5,50
SENSE-C9 ,,5,50
SENSE-C9 ,,5,50
FG-C18,,5,70
FG-C188,,5,70
FG-C18,,5,70
FG-C188,,5,70
,,,
,,,
,,,
,,,
,,,
,,,
,,,
,,,
,,,
,,,
,,,
,,,
,,,
,,,
,,,
,,,
,,,
,,,
,,,
,,,
,,,
,,,
CONTROL-C2,,5,60
CONTROL-C2,,5,60
CONTROL-C2,,5,60
CONTROL-C2,,5,60
CONTROL-C2,,5,60
CONTROL-C2,,5,60
FCUST-C28,,2,69
FCUST-C28,,2,28
FCUST-C28,,2,58
FCUST-C28,,2,47
FCUST-C28,,2,58
FCUST-C28,,2,31
FCUST-C28,,2,53
FCUST-C28,,2,84
FCUST-C28,,2,0
SENSE-C9,,5,68
SENSE-C9,,5,68
DENALI-C39,,11,125
DENALI-C39,,11,131
DENALI-C39,,11,77
FG-C188,,4,56
FG-C188,,4,41
FG-C10,,12,95
FG-C10,,12,95
FG-C10,,12,95
FG-C10,,12,92
FG-C10,,12,95
NEXIA-C3,,11,95
NEXIA-C3,,11,94
HIOC-C34,,9,90
HIOC-C34,,9,190
HIOC-C34,,9,178
HIOC-C34,,9,178
HIOC-C34,,9,180
HIOC-C34,,9,180
HIOC-C34,,9,180
HIOC-C34,,9,180
HIOC-C34,,9,154
HIOC-C34,,9,154
HIOC-C34,,9,183
HIOC-C34,,9,183
HIOC-C34,,9,177
HIOC-C34,,9,177
BSLCK-C13,,9,100
BSLCK-C13,,9,100
BSLCK-C13,,9,106
BSLCK-C13,,9,106
BSLCK-C13,,9,100
BSLCK-C13,,9,100
BSLCK-C13,,9,100
BSLCK-C13,,9,100
BSLCK-C13,,9,100
BSLCK-C13,,9,100
BSLCK-C13,,9,100
BSLCK-C13,,9,100
F51-C22,,9,121
F51-C22,,9,100
F51-C22,,9,104
F51-C22,,9,128
F51-C22,,9,124
F51-C22,,9,100
F51-C22,,9,111
F51-C22,,9,111
F51-C22,,9,111
FB-C37,,9,75
FB-C37,,9,69
FB-C37,,9,95
TOUCH-C12,,11,89
TOUCH-C12,,11,83
TOUCH-C12,,11,85
TOUCH-C12,,11,90
TOUCH-C12,,11,85
TOUCH-C12,,11,85
CONNECTC31,,12,92
CONNECTC31,,12,92
CONNECTC31,,12,92
CONTROL-C2,,5,60
CONTROL-C2,,5,60
CONTROL-C2,,5,60
CONTROL-C2,,5,60
CONTROL-C2,,5,60
CONTROL-C2,,5,60
FCUST-C28,,2,69
FCUST-C28,,2,28
FCUST-C28,,2,58
FCUST-C28,,2,47
FCUST-C28,,2,58
FCUST-C28,,2,31
FCUST-C28,,2,53
FCUST-C28,,2,84
FCUST-C28,,2,0
SENSE-C9,,5,68
SENSE-C9,,5,68
DENALI-C39,,11,125
DENALI-C39,,11,131
DENALI-C39,,11,77
FG-C188,,4,56
FG-C188,,4,41
FG-C10,,12,95
FG-C10,,12,95
FG-C10,,12,95
FG-C10,,12,92
FG-C10,,12,95
NEXIA-C3,,11,95
NEXIA-C3,,11,94
HIOC-C34,,3,30
HIOC-C34,,3,69
HIOC-C34,,3,77
HIOC-C34,,3,79
HIOC-C34,,3,71
HIOC-C34,,3,71
HIOC-C34,,3,69
HIOC-C34,,3,76
HIOC-C34,,3,73
HIOC-C34,,3,84
HIOC-C34,,3,78
HIOC-C34,,3,61
HIOC-C34,,3,70
HIOC-C34,,3,75
FCUST-C29,,5,47
FCUST-C29,,5,47
FCUST-C29,,5,54
FCUST-C29,,5,124
FCUST-C29,,5,107
FCUST-C29,,5,106
FCUST-C29,,5,113
FCUST-C29,,5,109
BSLCK-C13,,9,100
BSLCK-C13,,9,100
BSLCK-C13,,9,106
BSLCK-C13,,9,106
BSLCK-C13,,9,100
BSLCK-C13,,9,100
BSLCK-C13,,9,100
BSLCK-C13,,9,100
BSLCK-C13,,9,100
BSLCK-C13,,9,100
BSLCK-C13,,9,100
BSLCK-C13,,9,100
F51-C22,,9,121
F51-C22,,9,100
F51-C22,,9,104
F51-C22,,9,128
F51-C22,,9,124
F51-C22,,9,100
F51-C22,,9,111
F51-C22,,9,111
F51-C22,,9,111
FB-C37,,9,75
FB-C37,,9,69
FB-C37,,9,95
TOUCH-C12,,11,89
TOUCH-C12,,11,83
TOUCH-C12,,11,85
TOUCH-C12,,11,90
TOUCH-C12,,11,85
TOUCH-C12,,11,85
CONNECTC31,,12,92
CONNECTC31,,12,92
CONNECTC31,,12,92
SENSE-C9 ,,5,50
SENSE-C9 ,,5,50
SENSE-C9 ,,5,50
BSLCK-C17,,7,85
BSLCK-C17,,7,85
BSLCK-C17,,7,85
BSLCK-C17,,7,85
BSLCK-C17,,7,85
BSLCK-C17,,7,85
BSLCK-C17,,7,85
BSLCK-C17,,7,85
BSLCK-C17,,7,85
BSLCK-C17,,7,85
BSLCK-C17,,7,85
BSLCK-C17,,7,85
KPL-C6,,10,85
KPL-C6,,10,85
,,,
,,,
,,,
,,,
,,,
,,,
,,,
,,,
,,,
,,,
,,,
,,,
,,,
,,,
,,,
,,,
,,,
,,,
,,,
,,,
,,,
,,,
,,,
,,,
,,,
,,,
CONTROL-C2,,8,90
CONTROL-C2,,8,90
CONTROL-C2,,8,90
CONTROL-C2,,8,90
CONTROL-C2,,8,90
CONTROL-C2,,8,90
FCUST-C29,,5,213
FCUST-C29,,5,87
FCUST-C29,,5,249
FCUST-C29,,5,200
FCUST-C29,,5,149
FCUST-C29,,5,78
FCUST-C29,,5,190
FCUST-C29,,5,300
FCUST-C29,,5,111
SENSE-C9,,5,68
SENSE-C9,,5,68
DENALI-C39,,11,125
DENALI-C39,,11,131
DENALI-C39,,11,77
FG-C188,,4,58
FG-C188,,4,42
FG-C18,,4,68
FG-C18,,4,90
FG-C10,,12,95
FG-C10,,12,95
FG-C10,,12,95
FG-C10,,12,95
FG-C10,,12,95
NEXIA-C3,,11,95
NEXIA-C3,,11,94
HIOC-C34,,3,30
HIOC-C34,,3,69
HIOC-C34,,3,77
HIOC-C34,,3,79
HIOC-C34,,3,71
HIOC-C34,,3,71
HIOC-C34,,3,69
HIOC-C34,,3,76
HIOC-C34,,3,73
HIOC-C34,,3,84
HIOC-C34,,3,78
HIOC-C34,,3,61
HIOC-C34,,3,70
HIOC-C34,,3,75
BSLCK-C13,,9,100
BSLCK-C13,,9,100
BSLCK-C13,,9,106
BSLCK-C13,,9,106
BSLCK-C13,,9,100
BSLCK-C13,,9,100
BSLCK-C13,,9,100
BSLCK-C13,,9,100
BSLCK-C13,,9,100
BSLCK-C13,,9,100
BSLCK-C13,,9,100
BSLCK-C13,,9,100
F51-C22,,9,121
F51-C22,,9,100
F51-C22,,9,104
F51-C22,,9,128
F51-C22,,9,124
F51-C22,,9,100
F51-C22,,9,111
F51-C22,,9,111
F51-C22,,9,111
FB-C37,,9,75
FB-C37,,9,69
FB-C37,,9,95
CONNECTC31,,12,92
CONNECTC31,,12,92
CONNECTC31,,12,92
SENSE-C9 ,,5,50
SENSE-C9 ,,5,50
SENSE-C9 ,,5,50
BSLCK-C17,,7,95
BSLCK-C17,,7,95
BSLCK-C17,,7,95
BSLCK-C17,,7,95
BSLCK-C17,,7,95
BSLCK-C17,,7,95
BSLCK-C17,,7,95
BSLCK-C17,,7,95
BSLCK-C17,,7,95
BSLCK-C17,,7,95
BSLCK-C17,,7,95
BSLCK-C17,,7,95
KPL-C6,,10,95
KPL-C6,,10,95
FB-C37,,10,41
FB-C37,,10,41
FB-C37,,10,41
F51-C30,,7,60
F51-C30,,7,60
F51-C30,,7,60
F51-C30,,7,60
F51-C30,,7,60
F51-C30,,7,60
F51-C30,,7,60
F51-C30,,7,60
F51-C30,,7,60
FG-C18,,3,34
FG-C188,,3,34
FG-C18,,3,39
FG-C188,,3,39
,,,
,,,
,,,
,,,
,,,
,,,
,,,
,,,
,,,
,,,
,,,
,,,
,,,
,,,
,,,
,,,
,,,
,,,
,,,
,,,
,,,
,,,
CONTROL-C2,,5,60
CONTROL-C2,,5,60
CONTROL-C2,,5,60
CONTROL-C2,,5,60
CONTROL-C2,,5,60
CONTROL-C2,,5,60
FCUST-C29,,5,213
FCUST-C29,,5,87
FCUST-C29,,5,249
FCUST-C29,,5,200
FCUST-C29,,5,149
FCUST-C29,,5,78
FCUST-C29,,5,190
FCUST-C29,,5,300
FCUST-C29,,5,111
FCUST-C29,,5,45
FCUST-C29,,5,41
FCUST-C29,,5,52
FCUST-C29,,5,124
FCUST-C29,,5,107
FCUST-C29,,5,106
FCUST-C29,,5,113
FCUST-C29,,5,109
FCUST-C28,,4,48
FCUST-C28,,4,48
SENSE-C9,,5,68
SENSE-C9,,5,68
DENALI-C39,,11,125
DENALI-C39,,11,131
DENALI-C39,,11,77
FG-C188,,4,58
FG-C188,,4,42
FG-C18,,4,68
FG-C18,,4,65
FG-C10,,12,95
FG-C10,,12,95
FG-C10,,12,95
FG-C10,,12,95
FG-C10,,12,95
NEXIA-C3,,11,95
NEXIA-C3,,11,94
HIOC-C34,,2,22
HIOC-C34,,2,38
HIOC-C34,,2,44
HIOC-C34,,2,45
HIOC-C34,,2,43
HIOC-C34,,2,43
HIOC-C34,,2,46
HIOC-C34,,2,51
HIOC-C34,,2,48
HIOC-C34,,2,55
HIOC-C34,,2,57
HIOC-C34,,2,44
HIOC-C34,,2,48
HIOC-C34,,2,51
BSLCK-C13,,9,100
BSLCK-C13,,9,100
BSLCK-C13,,9,106
BSLCK-C13,,9,106
BSLCK-C13,,9,100
BSLCK-C13,,9,100
BSLCK-C13,,9,100
BSLCK-C13,,9,100
BSLCK-C13,,9,100
BSLCK-C13,,9,100
BSLCK-C13,,9,100
BSLCK-C13,,9,100
F51-C22,,9,121
F51-C22,,9,100
F51-C22,,9,104
F51-C22,,9,128
F51-C22,,9,124
F51-C22,,9,100
F51-C22,,9,111
F51-C22,,9,111
F51-C22,,9,111
FB-C37,,9,75
FB-C37,,9,69
FB-C37,,9,95
CONNECTC31,,9,74
CONNECTC31,,9,74
CONNECTC31,,9,74
SENSE-C9 ,,5,50
SENSE-C9 ,,5,50
SENSE-C9 ,,5,50
,,,
,,,
,,,
,,,
,,,
,,,
,,,
,,,
,,,
,,,
,,,
,,,
,,,
,,,
,,,
,,,
,,,
,,,
,,,
CONTROL-C2,,5,60
CONTROL-C2,,5,60
CONTROL-C2,,5,60
CONTROL-C2,,5,60
CONTROL-C2,,5,60
CONTROL-C2,,5,60
FCUST-C28,,2,69
FCUST-C28,,2,28
FCUST-C28,,2,58
FCUST-C28,,2,47
FCUST-C28,,2,58
FCUST-C28,,2,31
FCUST-C28,,2,53
FCUST-C28,,2,84
FCUST-C28,,2,0
SENSE-C9,,5,68
SENSE-C9,,5,68
DENALI-C39,,11,125
DENALI-C39,,11,131
DENALI-C39,,11,77
FG-C18,,4,61
FG-C18,,4,61
FG-C188,,4,56
FG-C188,,4,41
FG-C10,,12,95
FG-C10,,12,95
FG-C10,,12,95
FG-C10,,12,92
FG-C10,,12,95
NEXIA-C3,,11,95
NEXIA-C3,,11,94
HIOC-C34,,9,90
HIOC-C34,,9,190
HIOC-C34,,9,178
HIOC-C34,,9,178
HIOC-C34,,9,180
HIOC-C34,,9,180
HIOC-C34,,9,180
HIOC-C34,,9,180
HIOC-C34,,9,154
HIOC-C34,,9,154
HIOC-C34,,9,183
HIOC-C34,,9,183
HIOC-C34,,9,177
HIOC-C34,,9,177
BSLCK-C13,,9,100
BSLCK-C13,,9,100
BSLCK-C13,,9,106
BSLCK-C13,,9,106
BSLCK-C13,,9,100
BSLCK-C13,,9,100
BSLCK-C13,,9,100
BSLCK-C13,,9,100
BSLCK-C13,,9,100
BSLCK-C13,,9,100
BSLCK-C13,,9,100
BSLCK-C13,,9,100
F51-C22,,9,121
F51-C22,,9,100
F51-C22,,9,104
F51-C22,,9,128
F51-C22,,9,124
F51-C22,,9,100
F51-C22,,9,111
F51-C22,,9,111
F51-C22,,9,111
FB-C37,,9,75
FB-C37,,9,69
FB-C37,,9,95
TOUCH-C12,,11,89
TOUCH-C12,,11,83
TOUCH-C12,,11,85
TOUCH-C12,,11,90
TOUCH-C12,,11,85
TOUCH-C12,,11,85
CONNECTC31,,11,86
CONNECTC31,,11,86
CONNECTC31,,11,86
CONNECTC31,,12,92
CONNECTC31,,12,92
CONNECTC31,,12,92
CONTROL-C2,,5,60
CONTROL-C2,,5,60
CONTROL-C2,,5,60
CONTROL-C2,,5,60
CONTROL-C2,,5,60
CONTROL-C2,,5,60
FCUST-C28,,2,69
FCUST-C28,,2,28
FCUST-C28,,2,58
FCUST-C28,,2,47
FCUST-C28,,2,58
FCUST-C28,,2,31
FCUST-C28,,2,53
FCUST-C28,,2,84
FCUST-C28,,2,0
SENSE-C9,,5,68
SENSE-C9,,5,68
DENALI-C39,,11,125
DENALI-C39,,11,131
DENALI-C39,,11,77
FG-C188,,4,56
FG-C188,,4,41
FG-C10,,12,95
FG-C10,,12,95
FG-C10,,12,95
FG-C10,,12,92
FG-C10,,12,95
NEXIA-C3,,11,95
NEXIA-C3,,11,94
HIOC-C34,,9,90
HIOC-C34,,9,190
HIOC-C34,,9,178
HIOC-C34,,9,178
HIOC-C34,,9,180
HIOC-C34,,9,180
HIOC-C34,,9,180
HIOC-C34,,9,180
HIOC-C34,,9,154
HIOC-C34,,9,154
HIOC-C34,,9,183
HIOC-C34,,9,183
HIOC-C34,,9,177
HIOC-C34,,9,177
BSLCK-C13,,9,100
BSLCK-C13,,9,100
BSLCK-C13,,9,106
BSLCK-C13,,9,106
BSLCK-C13,,9,100
BSLCK-C13,,9,100
BSLCK-C13,,9,100
BSLCK-C13,,9,100
BSLCK-C13,,9,100
BSLCK-C13,,9,100
BSLCK-C13,,9,100
BSLCK-C13,,9,100
F51-C22,,9,121
F51-C22,,9,100
F51-C22,,9,104
F51-C22,,9,128
F51-C22,,9,124
F51-C22,,9,100
F51-C22,,9,111
F51-C22,,9,111
F51-C22,,9,111
FB-C37,,9,75
FB-C37,,9,69
FB-C37,,9,95
TOUCH-C12,,11,89
TOUCH-C12,,11,83
TOUCH-C12,,11,85
TOUCH-C12,,11,90
TOUCH-C12,,11,85
TOUCH-C12,,11,85
CONNECTC31,,12,92
CONNECTC31,,12,92
CONNECTC31,,12,92
CONTROL-C2,,5,60
CONTROL-C2,,5,60
CONTROL-C2,,5,60
CONTROL-C2,,5,60
CONTROL-C2,,5,60
CONTROL-C2,,5,60
FCUST-C28,,2,69
FCUST-C28,,2,28
FCUST-C28,,2,58
FCUST-C28,,2,47
FCUST-C28,,2,58
FCUST-C28,,2,31
FCUST-C28,,2,53
FCUST-C28,,2,84
FCUST-C28,,2,0
SENSE-C9,,5,68
SENSE-C9,,5,68
DENALI-C39,,11,125
DENALI-C39,,11,131
DENALI-C39,,11,77
FG-C188,,4,56
FG-C188,,4,41
FG-C10,,12,95
FG-C10,,12,95
FG-C10,,12,95
FG-C10,,12,92
FG-C10,,12,95
NEXIA-C3,,11,95
NEXIA-C3,,11,94
HIOC-C34,,3,30
HIOC-C34,,3,69
HIOC-C34,,3,77
HIOC-C34,,3,79
HIOC-C34,,3,71
HIOC-C34,,3,71
HIOC-C34,,3,69
HIOC-C34,,3,76
HIOC-C34,,3,73
HIOC-C34,,3,84
HIOC-C34,,3,78
HIOC-C34,,3,61
HIOC-C34,,3,70
HIOC-C34,,3,75
FCUST-C29,,5,47
FCUST-C29,,5,47
FCUST-C29,,5,54
FCUST-C29,,5,124
FCUST-C29,,5,107
FCUST-C29,,5,106
FCUST-C29,,5,113
FCUST-C29,,5,109
BSLCK-C13,,9,100
BSLCK-C13,,9,100
BSLCK-C13,,9,106
BSLCK-C13,,9,106
BSLCK-C13,,9,100
BSLCK-C13,,9,100
BSLCK-C13,,9,100
BSLCK-C13,,9,100
BSLCK-C13,,9,100
BSLCK-C13,,9,100
BSLCK-C13,,9,100
BSLCK-C13,,9,100
F51-C22,,9,121
F51-C22,,9,100
F51-C22,,9,104
F51-C22,,9,128
F51-C22,,9,124
F51-C22,,9,100
F51-C22,,9,111
F51-C22,,9,111
F51-C22,,9,111
FB-C37,,9,75
FB-C37,,9,69
FB-C37,,9,95
TOUCH-C12,,11,89
TOUCH-C12,,11,83
TOUCH-C12,,11,85
TOUCH-C12,,11,90
TOUCH-C12,,11,85
TOUCH-C12,,11,85
CONNECTC31,,12,92
CONNECTC31,,12,92
CONNECTC31,,12,92
SENSE-C9 ,,5,50
SENSE-C9 ,,5,50
SENSE-C9 ,,5,50
BSLCK-C17,,7,87
BSLCK-C17,,7,87
BSLCK-C17,,7,87
BSLCK-C17,,7,87
BSLCK-C17,,7,87
BSLCK-C17,,7,87
BSLCK-C17,,7,87
BSLCK-C17,,7,87
BSLCK-C17,,7,87
BSLCK-C17,,7,87
BSLCK-C17,,7,87
BSLCK-C17,,7,87
KPL-C6,,10,87
KPL-C6,,10,87
,,,
,,,
,,,
,,,
,,,
,,,
,,,
,,,
,,,
,,,
,,,
,,,
,,,
,,,
,,,
,,,
,,,
,,,
,,,
,,,
,,,
,,,
,,,
,,,
,,,
,,,
CONTROL-C2,,8,90
CONTROL-C2,,8,90
CONTROL-C2,,8,90
CONTROL-C2,,8,90
CONTROL-C2,,8,90
CONTROL-C2,,8,90
FCUST-C29,,5,213
FCUST-C29,,5,87
FCUST-C29,,5,249
FCUST-C29,,5,200
FCUST-C29,,5,149
FCUST-C29,,5,78
FCUST-C29,,5,190
FCUST-C29,,5,300
FCUST-C29,,5,111
SENSE-C9,,5,68
SENSE-C9,,5,68
DENALI-C39,,11,125
DENALI-C39,,11,131
DENALI-C39,,11,77
FG-C188,,4,58
FG-C188,,4,42
FG-C18,,4,68
FG-C18,,4,90
FG-C10,,12,95
FG-C10,,12,95
FG-C10,,12,95
FG-C10,,12,95
FG-C10,,12,95
NEXIA-C3,,11,95
NEXIA-C3,,11,94
HIOC-C34,,3,30
HIOC-C34,,3,69
HIOC-C34,,3,77
HIOC-C34,,3,79
HIOC-C34,,3,71
HIOC-C34,,3,71
HIOC-C34,,3,69
HIOC-C34,,3,76
HIOC-C34,,3,73
HIOC-C34,,3,84
HIOC-C34,,3,78
HIOC-C34,,3,61
HIOC-C34,,3,70
HIOC-C34,,3,75
BSLCK-C13,,9,100
BSLCK-C13,,9,100
BSLCK-C13,,9,106
BSLCK-C13,,9,106
BSLCK-C13,,9,100
BSLCK-C13,,9,100
BSLCK-C13,,9,100
BSLCK-C13,,9,100
BSLCK-C13,,9,100
BSLCK-C13,,9,100
BSLCK-C13,,9,100
BSLCK-C13,,9,100
F51-C22,,9,121
F51-C22,,9,100
F51-C22,,9,104
F51-C22,,9,128
F51-C22,,9,124
F51-C22,,9,100
F51-C22,,9,111
F51-C22,,9,111
F51-C22,,9,111
FB-C37,,9,75
FB-C37,,9,69
FB-C37,,9,95
CONNECTC31,,12,92
CONNECTC31,,12,92
CONNECTC31,,12,92
SENSE-C9 ,,5,50
SENSE-C9 ,,5,50
SENSE-C9 ,,5,50
BSLCK-C17,,7,97
BSLCK-C17,,7,97
BSLCK-C17,,7,97
BSLCK-C17,,7,97
BSLCK-C17,,7,97
BSLCK-C17,,7,97
BSLCK-C17,,7,97
BSLCK-C17,,7,97
BSLCK-C17,,7,97
BSLCK-C17,,7,97
BSLCK-C17,,7,97
BSLCK-C17,,7,97
KPL-C6,,10,97
KPL-C6,,10,97
FB-C37,,10,45
FB-C37,,10,45
FB-C37,,10,45
F51-C30,,7,65
F51-C30,,7,65
F51-C30,,7,65
F51-C30,,7,65
F51-C30,,7,65
F51-C30,,7,65
F51-C30,,7,65
F51-C30,,7,65
F51-C30,,7,65
FG-C18,,5,65
FG-C188,,5,65
FG-C18,,5,65
FG-C188,,5,65
,,,
,,,
,,,
,,,
,,,
,,,
,,,
,,,
,,,
,,,
,,,
,,,
,,,
,,,
,,,
,,,
,,,
,,,
,,,
,,,
,,,
,,,
CONTROL-C2,,5,60
CONTROL-C2,,5,60
CONTROL-C2,,5,60
CONTROL-C2,,5,60
CONTROL-C2,,5,60
CONTROL-C2,,5,60
FCUST-C28,,2,69
FCUST-C28,,2,28
FCUST-C28,,2,58
FCUST-C28,,2,47
FCUST-C28,,2,58
FCUST-C28,,2,31
FCUST-C28,,2,53
FCUST-C28,,2,84
FCUST-C28,,2,0
SENSE-C9,,5,68
SENSE-C9,,5,68
DENALI-C39,,11,125
DENALI-C39,,11,131
DENALI-C39,,11,77
FG-C18,,4,61
FG-C18,,4,61
FG-C188,,4,56
FG-C188,,4,41
FG-C10,,12,95
FG-C10,,12,95
FG-C10,,12,95
FG-C10,,12,92
FG-C10,,12,95
NEXIA-C3,,11,95
NEXIA-C3,,11,94
HIOC-C34,,9,90
HIOC-C34,,9,190
HIOC-C34,,9,178
HIOC-C34,,9,178
HIOC-C34,,9,180
HIOC-C34,,9,180
HIOC-C34,,9,180
HIOC-C34,,9,180
HIOC-C34,,9,154
HIOC-C34,,9,154
HIOC-C34,,9,183
HIOC-C34,,9,183
HIOC-C34,,9,177
HIOC-C34,,9,177
BSLCK-C13,,9,100
BSLCK-C13,,9,100
BSLCK-C13,,9,106
BSLCK-C13,,9,106
BSLCK-C13,,9,100
BSLCK-C13,,9,100
BSLCK-C13,,9,100
BSLCK-C13,,9,100
BSLCK-C13,,9,100
BSLCK-C13,,9,100
BSLCK-C13,,9,100
BSLCK-C13,,9,100
F51-C22,,9,121
F51-C22,,9,100
F51-C22,,9,104
F51-C22,,9,128
F51-C22,,9,124
F51-C22,,9,100
F51-C22,,9,111
F51-C22,,9,111
F51-C22,,9,111
FB-C37,,9,75
FB-C37,,9,69
FB-C37,,9,95
TOUCH-C12,,11,89
TOUCH-C12,,11,83
TOUCH-C12,,11,85
TOUCH-C12,,11,90
TOUCH-C12,,11,85
TOUCH-C12,,11,85
CONNECTC31,,11,88
CONNECTC31,,11,88
CONNECTC31,,11,88
CONNECTC31,,12,92
CONNECTC31,,12,92
CONNECTC31,,12,92
CONTROL-C2,,5,60
CONTROL-C2,,5,60
CONTROL-C2,,5,60
CONTROL-C2,,5,60
CONTROL-C2,,5,60
CONTROL-C2,,5,60
FCUST-C28,,2,69
FCUST-C28,,2,28
FCUST-C28,,2,58
FCUST-C28,,2,47
FCUST-C28,,2,58
FCUST-C28,,2,31
FCUST-C28,,2,53
FCUST-C28,,2,84
FCUST-C28,,2,0
SENSE-C9,,5,68
SENSE-C9,,5,68
DENALI-C39,,11,125
DENALI-C39,,11,131
DENALI-C39,,11,77
FG-C188,,4,56
FG-C188,,4,41
FG-C10,,12,95
FG-C10,,12,95
FG-C10,,12,95
FG-C10,,12,92
FG-C10,,12,95
NEXIA-C3,,11,95
NEXIA-C3,,11,94
HIOC-C34,,3,30
HIOC-C34,,3,69
HIOC-C34,,3,77
HIOC-C34,,3,79
HIOC-C34,,3,71
HIOC-C34,,3,71
HIOC-C34,,3,69
HIOC-C34,,3,76
HIOC-C34,,3,73
HIOC-C34,,3,84
HIOC-C34,,3,78
HIOC-C34,,3,61
HIOC-C34,,3,70
HIOC-C34,,3,75
FCUST-C29,,5,47
FCUST-C29,,5,47
FCUST-C29,,5,54
FCUST-C29,,5,124
FCUST-C29,,5,107
FCUST-C29,,5,106
FCUST-C29,,5,113
FCUST-C29,,5,109
BSLCK-C13,,9,100
BSLCK-C13,,9,100
BSLCK-C13,,9,106
BSLCK-C13,,9,106
BSLCK-C13,,9,100
BSLCK-C13,,9,100
BSLCK-C13,,9,100
BSLCK-C13,,9,100
BSLCK-C13,,9,100
BSLCK-C13,,9,100
BSLCK-C13,,9,100
BSLCK-C13,,9,100
F51-C22,,9,121
F51-C22,,9,100
F51-C22,,9,104
F51-C22,,9,128
F51-C22,,9,124
F51-C22,,9,100
F51-C22,,9,111
F51-C22,,9,111
F51-C22,,9,111
FB-C37,,9,75
FB-C37,,9,69
FB-C37,,9,95
TOUCH-C12,,11,89
TOUCH-C12,,11,83
TOUCH-C12,,11,85
TOUCH-C12,,11,90
TOUCH-C12,,11,85
TOUCH-C12,,11,85
CONNECTC31,,12,92
CONNECTC31,,12,92
CONNECTC31,,12,92
SENSE-C9 ,,5,50
SENSE-C9 ,,5,50
SENSE-C9 ,,5,50
BSLCK-C17,,7,89
BSLCK-C17,,7,89
BSLCK-C17,,7,89
BSLCK-C17,,7,89
BSLCK-C17,,7,89
BSLCK-C17,,7,89
BSLCK-C17,,7,89
BSLCK-C17,,7,89
BSLCK-C17,,7,89
BSLCK-C17,,7,89
BSLCK-C17,,7,89
BSLCK-C17,,7,89
KPL-C6,,10,89
KPL-C6,,10,89
,,,
,,,
,,,
,,,
,,,
,,,
,,,
,,,
,,,
,,,
,,,
,,,
,,,
,,,
,,,
,,,
,,,
,,,
,,,
,,,
,,,
,,,
,,,
,,,
,,,
,,,
CONTROL-C2,,5,60
CONTROL-C2,,5,60
CONTROL-C2,,5,60
CONTROL-C2,,5,60
CONTROL-C2,,5,60
CONTROL-C2,,5,60
FCUST-C29,,5,213
FCUST-C29,,5,87
FCUST-C29,,5,249
FCUST-C29,,5,200
FCUST-C29,,5,149
FCUST-C29,,5,78
FCUST-C29,,5,190
FCUST-C29,,5,300
FCUST-C29,,5,111
SENSE-C9,,5,68
SENSE-C9,,5,68
DENALI-C39,,11,125
DENALI-C39,,11,131
DENALI-C39,,11,77
FG-C188,,4,58
FG-C188,,4,42
FG-C18,,4,68
FG-C18,,4,90
FG-C10,,12,95
FG-C10,,12,95
FG-C10,,12,95
FG-C10,,12,95
FG-C10,,12,95
NEXIA-C3,,11,95
NEXIA-C3,,11,94
HIOC-C34,,3,30
HIOC-C34,,3,69
HIOC-C34,,3,77
HIOC-C34,,3,79
HIOC-C34,,3,71
HIOC-C34,,3,71
HIOC-C34,,3,69
HIOC-C34,,3,76
HIOC-C34,,3,73
HIOC-C34,,3,84
HIOC-C34,,3,78
HIOC-C34,,3,61
HIOC-C34,,3,70
HIOC-C34,,3,75
BSLCK-C13,,9,100
BSLCK-C13,,9,100
BSLCK-C13,,9,106
BSLCK-C13,,9,106
BSLCK-C13,,9,100
BSLCK-C13,,9,100
BSLCK-C13,,9,100
BSLCK-C13,,9,100
BSLCK-C13,,9,100
BSLCK-C13,,9,100
BSLCK-C13,,9,100
BSLCK-C13,,9,100
F51-C22,,9,121
F51-C22,,9,100
F51-C22,,9,104
F51-C22,,9,128
F51-C22,,9,124
F51-C22,,9,100
F51-C22,,9,111
F51-C22,,9,111
F51-C22,,9,111
FB-C37,,9,75
FB-C37,,9,69
FB-C37,,9,95
CONNECTC31,,12,92
CONNECTC31,,12,92
CONNECTC31,,12,92
SENSE-C9 ,,5,50
SENSE-C9 ,,5,50
SENSE-C9 ,,5,50
FG-C18,,5,65
FG-C188,,5,65
FG-C18,,5,65
FG-C188,,5,65
,,,
,,,
,,,
,,,
,,,
,,,
,,,
,,,
,,,
,,,
,,,
,,,
,,,
,,,
,,,
,,,
,,,
,,,
,,,
,,,
,,,
,,,
CONTROL-C2,,5,60
CONTROL-C2,,5,60
CONTROL-C2,,5,60
CONTROL-C2,,5,60
CONTROL-C2,,5,60
CONTROL-C2,,5,60
FCUST-C28,,2,69
FCUST-C28,,2,28
FCUST-C28,,2,58
FCUST-C28,,2,47
FCUST-C28,,2,58
FCUST-C28,,2,31
FCUST-C28,,2,53
FCUST-C28,,2,84
FCUST-C28,,2,0
SENSE-C9,,5,68
SENSE-C9,,5,68
DENALI-C39,,11,125
DENALI-C39,,11,131
DENALI-C39,,11,77
FG-C18,,4,61
FG-C18,,4,61
FG-C188,,4,56
FG-C188,,4,41
FG-C10,,12,95
FG-C10,,12,95
FG-C10,,12,95
FG-C10,,12,92
FG-C10,,12,95
NEXIA-C3,,11,95
NEXIA-C3,,11,94
HIOC-C34,,9,90
HIOC-C34,,9,190
HIOC-C34,,9,178
HIOC-C34,,9,178
HIOC-C34,,9,180
HIOC-C34,,9,180
HIOC-C34,,9,180
HIOC-C34,,9,180
HIOC-C34,,9,154
HIOC-C34,,9,154
HIOC-C34,,9,183
HIOC-C34,,9,183
HIOC-C34,,9,177
HIOC-C34,,9,177
BSLCK-C13,,9,100
BSLCK-C13,,9,100
BSLCK-C13,,9,106
BSLCK-C13,,9,106
BSLCK-C13,,9,100
BSLCK-C13,,9,100
BSLCK-C13,,9,100
BSLCK-C13,,9,100
BSLCK-C13,,9,100
BSLCK-C13,,9,100
BSLCK-C13,,9,100
BSLCK-C13,,9,100
F51-C22,,9,121
F51-C22,,9,100
F51-C22,,9,104
F51-C22,,9,128
F51-C22,,9,124
F51-C22,,9,100
F51-C22,,9,111
F51-C22,,9,111
F51-C22,,9,111
FB-C37,,9,75
FB-C37,,9,69
FB-C37,,9,95
TOUCH-C12,,11,89
TOUCH-C12,,11,83
TOUCH-C12,,11,85
TOUCH-C12,,11,90
TOUCH-C12,,11,85
TOUCH-C12,,11,85
CONNECTC31,,11,90
CONNECTC31,,11,90
CONNECTC31,,11,90
CONNECTC31,,12,92
CONNECTC31,,12,92
CONNECTC31,,12,92
CONTROL-C2,,5,60
CONTROL-C2,,5,60
CONTROL-C2,,5,60
CONTROL-C2,,5,60
CONTROL-C2,,5,60
CONTROL-C2,,5,60
FCUST-C28,,2,69
FCUST-C28,,2,28
FCUST-C28,,2,58
FCUST-C28,,2,47
FCUST-C28,,2,58
FCUST-C28,,2,31
FCUST-C28,,2,53
FCUST-C28,,2,84
FCUST-C28,,2,0
SENSE-C9,,5,68
SENSE-C9,,5,68
DENALI-C39,,11,125
DENALI-C39,,11,131
DENALI-C39,,11,77
FG-C188,,4,56
FG-C188,,4,41
FG-C18,,4,61
FG-C18,,4,61
FG-C10,,12,95
FG-C10,,12,95
FG-C10,,12,95
FG-C10,,12,92
FG-C10,,12,95
NEXIA-C3,,11,95
NEXIA-C3,,11,94
HIOC-C34,,9,90
HIOC-C34,,9,190
HIOC-C34,,9,178
HIOC-C34,,9,178
HIOC-C34,,9,180
HIOC-C34,,9,180
HIOC-C34,,9,180
HIOC-C34,,9,180
HIOC-C34,,9,154
HIOC-C34,,9,154
HIOC-C34,,9,183
HIOC-C34,,9,183
HIOC-C34,,9,177
HIOC-C34,,9,177
BSLCK-C13,,9,100
BSLCK-C13,,9,100
BSLCK-C13,,9,106
BSLCK-C13,,9,106
BSLCK-C13,,9,100
BSLCK-C13,,9,100
BSLCK-C13,,9,100
BSLCK-C13,,9,100
BSLCK-C13,,9,100
BSLCK-C13,,9,100
BSLCK-C13,,9,100
BSLCK-C13,,9,100
F51-C22,,9,121
F51-C22,,9,100
F51-C22,,9,104
F51-C22,,9,128
F51-C22,,9,124
F51-C22,,9,100
F51-C22,,9,111
F51-C22,,9,111
F51-C22,,9,111
FB-C37,,9,75
FB-C37,,9,69
FB-C37,,9,95
TOUCH-C12,,11,89
TOUCH-C12,,11,83
TOUCH-C12,,11,85
TOUCH-C12,,11,90
TOUCH-C12,,11,85
TOUCH-C12,,11,85
CONNECTC31,,12,92
CONNECTC31,,12,92
CONNECTC31,,12,92
SENSE-C9 ,,5,50
SENSE-C9 ,,5,50
SENSE-C9 ,,5,50
CONTROL-C2,,5,60
CONTROL-C2,,5,60
CONTROL-C2,,5,60
CONTROL-C2,,5,60
CONTROL-C2,,5,60
CONTROL-C2,,5,60
FCUST-C28,,2,69
FCUST-C28,,2,28
FCUST-C28,,2,58
FCUST-C28,,2,47
FCUST-C28,,2,58
FCUST-C28,,2,31
FCUST-C28,,2,53
FCUST-C28,,2,84
FCUST-C28,,2,0
SENSE-C9,,5,68
SENSE-C9,,5,68
DENALI-C39,,11,125
DENALI-C39,,11,131
DENALI-C39,,11,77
FG-C188,,4,56
FG-C188,,4,41
FG-C10,,12,95
FG-C10,,12,95
FG-C10,,12,95
FG-C10,,12,92
FG-C10,,12,95
NEXIA-C3,,11,95
NEXIA-C3,,11,94
HIOC-C34,,3,30
HIOC-C34,,3,69
HIOC-C34,,3,77
HIOC-C34,,3,79
HIOC-C34,,3,71
HIOC-C34,,3,71
HIOC-C34,,3,69
HIOC-C34,,3,76
HIOC-C34,,3,73
HIOC-C34,,3,84
HIOC-C34,,3,78
HIOC-C34,,3,61
HIOC-C34,,3,70
HIOC-C34,,3,75
FCUST-C29,,5,47
FCUST-C29,,5,47
FCUST-C29,,5,54
FCUST-C29,,5,124
FCUST-C29,,5,107
FCUST-C29,,5,106
FCUST-C29,,5,113
FCUST-C29,,5,109
BSLCK-C13,,9,100
BSLCK-C13,,9,100
BSLCK-C13,,9,106
BSLCK-C13,,9,106
BSLCK-C13,,9,100
BSLCK-C13,,9,100
BSLCK-C13,,9,100
BSLCK-C13,,9,100
BSLCK-C13,,9,100
BSLCK-C13,,9,100
BSLCK-C13,,9,100
BSLCK-C13,,9,100
F51-C22,,9,121
F51-C22,,9,100
F51-C22,,9,104
F51-C22,,9,128
F51-C22,,9,124
F51-C22,,9,100
F51-C22,,9,111
F51-C22,,9,111
F51-C22,,9,111
FB-C37,,9,75
FB-C37,,9,69
FB-C37,,9,95
TOUCH-C12,,11,89
TOUCH-C12,,11,83
TOUCH-C12,,11,85
TOUCH-C12,,11,90
TOUCH-C12,,11,85
TOUCH-C12,,11,85
CONNECTC31,,12,92
CONNECTC31,,12,92
CONNECTC31,,12,92
SENSE-C9 ,,5,50
SENSE-C9 ,,5,50
SENSE-C9 ,,5,50
BSLCK-C17,,7,95
BSLCK-C17,,7,95
BSLCK-C17,,7,95
BSLCK-C17,,7,95
BSLCK-C17,,7,95
BSLCK-C17,,7,95
BSLCK-C17,,7,95
BSLCK-C17,,7,95
BSLCK-C17,,7,95
BSLCK-C17,,7,95
BSLCK-C17,,7,95
BSLCK-C17,,7,95
KPL-C6,,10,95
KPL-C6,,10,95
FG-C18,,4,61
FG-C18,,4,61
,,,
,,,
,,,
,,,
,,,
,,,
,,,
,,,
,,,
,,,
,,,
,,,
,,,
,,,
,,,
,,,
,,,
,,,
,,,
,,,
,,,
,,,
,,,
,,,
CONTROL-C2,,5,60
CONTROL-C2,,5,60
CONTROL-C2,,5,60
CONTROL-C2,,5,60
CONTROL-C2,,5,60
CONTROL-C2,,5,60
FCUST-C29,,5,213
FCUST-C29,,5,87
FCUST-C29,,5,249
FCUST-C29,,5,200
FCUST-C29,,5,149
FCUST-C29,,5,78
FCUST-C29,,5,190
FCUST-C29,,5,300
FCUST-C29,,5,111
SENSE-C9,,5,68
SENSE-C9,,5,68
DENALI-C39,,11,125
DENALI-C39,,11,131
DENALI-C39,,11,77
FG-C188,,4,58
FG-C188,,4,42
FG-C18,,4,68
FG-C18,,4,90
FG-C10,,12,95
FG-C10,,12,95
FG-C10,,12,95
FG-C10,,12,95
FG-C10,,12,95
NEXIA-C3,,11,95
NEXIA-C3,,11,94
HIOC-C34,,3,30
HIOC-C34,,3,69
HIOC-C34,,3,77
HIOC-C34,,3,79
HIOC-C34,,3,71
HIOC-C34,,3,71
HIOC-C34,,3,69
HIOC-C34,,3,76
HIOC-C34,,3,73
HIOC-C34,,3,84
HIOC-C34,,3,78
HIOC-C34,,3,61
HIOC-C34,,3,70
HIOC-C34,,3,75
BSLCK-C13,,9,100
BSLCK-C13,,9,100
BSLCK-C13,,9,106
BSLCK-C13,,9,106
BSLCK-C13,,9,100
BSLCK-C13,,9,100
BSLCK-C13,,9,100
BSLCK-C13,,9,100
BSLCK-C13,,9,100
BSLCK-C13,,9,100
BSLCK-C13,,9,100
BSLCK-C13,,9,100
F51-C22,,9,121
F51-C22,,9,100
F51-C22,,9,104
F51-C22,,9,128
F51-C22,,9,124
F51-C22,,9,100
F51-C22,,9,111
F51-C22,,9,111
F51-C22,,9,111
FB-C37,,9,75
FB-C37,,9,69
FB-C37,,9,95
CONNECTC31,,12,92
CONNECTC31,,12,92
CONNECTC31,,12,92
SENSE-C9 ,,5,50
SENSE-C9 ,,5,50
SENSE-C9 ,,5,50
FG-C18,,5,75
FG-C188,,5,75
FG-C18,,5,75
FG-C188,,5,75
